"Name","AvgCyclomatic","AvgCyclomaticModified","AvgCyclomaticStrict","AvgEssential","AvgLine","AvgLineBlank","AvgLineCode","AvgLineComment","CountDeclClass","CountDeclFile","CountDeclFunction","CountLine","CountLineBlank","CountLineCode","CountLineComment","CountPath","CountStmt","CountStmtDecl","CountStmtExe","Cyclomatic","CyclomaticModified","CyclomaticStrict","Essential","MaxCyclomatic","MaxCyclomaticModified","MaxNesting","RatioCommentToCode","SumCyclomatic","SumCyclomaticModified","SumCyclomaticStrict","SumEssential","Has_Session","Session_Reads","Session_Writes","Cookies","Header_Access","Has_Param","Param_Reads","Context_Switches","DB_Query","DB_Query_Binary","Has_HTML","total_tags","unique_tags","total_attrs","unique_attrs","avg_attrs","max_depth","total_depth","avg_depth","total_comment","total_text","forms","inputs","anchors","frames","scripts","in_page_scripts","external_scripts","css_included","style_tags","inline_css","inline_css_lines","Defected"
"/Users/sbicer/Desktop/akademik/zenphoto/zenphoto-Zenphoto-1.4.4/themes/default/404.php","0","0","0","0","0","0","0","0","0","","0","48","1","46","1","16","24","0","24","5","5","5","1","5","5","1","0.02","0","0","0","0","False","0","0","0","0","False","0","16","0","False","True","14","10","15","8","0.9333333333333333","7","49","0.2857142857142857","0","26","0","0","1","0","0","0","0","2","0","0","0","yes"
"/Users/sbicer/Desktop/akademik/zenphoto/zenphoto-Zenphoto-1.4.4/themes/default/album.php","0","0","0","0","0","0","0","0","0","","0","88","1","86","1","128","52","0","52","8","8","8","1","8","8","1","0.01","0","0","0","0","False","0","0","0","0","False","0","47","0","False","True","27","13","26","10","1.0384615384615385","9","145","0.18620689655172415","0","49","0","0","4","0","0","0","0","1","0","1","2","yes"
"/Users/sbicer/Desktop/akademik/zenphoto/zenphoto-Zenphoto-1.4.4/themes/default/archive.php","0","0","0","0","0","0","0","0","0","","0","55","1","53","1","16","29","0","29","5","5","5","1","5","5","1","0.02","0","0","0","0","False","0","0","0","0","False","0","24","0","False","True","17","11","17","8","1.0","7","65","0.26153846153846155","0","32","0","0","1","0","0","0","0","2","0","0","0","yes"
"/Users/sbicer/Desktop/akademik/zenphoto/zenphoto-Zenphoto-1.4.4/themes/default/contact.php","0","0","0","0","0","0","0","0","0","","0","37","1","35","1","2","19","0","19","2","2","3","1","2","2","1","0.03","0","0","0","0","False","0","0","0","0","False","0","17","0","False","True","14","11","14","8","1.0","6","48","0.2916666666666667","0","26","0","0","1","0","0","0","0","2","0","0","0","yes"
"/Users/sbicer/Desktop/akademik/zenphoto/zenphoto-Zenphoto-1.4.4/themes/default/favorites.php","0","0","0","0","0","0","0","0","0","","0","73","1","71","1","16","39","0","39","5","5","5","1","5","5","1","0.01","0","0","0","0","False","0","0","0","0","False","0","37","0","False","True","27","13","26","10","1.0384615384615385","9","145","0.18620689655172415","0","49","0","0","4","0","0","0","0","1","0","1","2","yes"
"/Users/sbicer/Desktop/akademik/zenphoto/zenphoto-Zenphoto-1.4.4/themes/default/functions.php","2","2","2","1","17","0","17","0","0","","3","71","4","67","0","2","38","6","32","2","2","2","1","3","3","2","0.00","8","8","8","3","False","0","0","0","0","True","2","5","0","False","True","3","3","5","5","0.6","2","4","0.75","0","7","0","0","0","0","1","1","0","0","0","0","0","yes"
"/Users/sbicer/Desktop/akademik/zenphoto/zenphoto-Zenphoto-1.4.4/themes/default/image.php","0","0","0","0","0","0","0","0","0","","0","116","1","114","1","2048","56","0","56","12","12","13","1","12","12","1","0.01","0","0","0","0","False","0","0","0","0","False","0","48","0","False","True","27","14","28","10","0.9642857142857143","7","118","0.2288135593220339","1","44","0","0","4","0","1","1","0","2","0","0","0","yes"
"/Users/sbicer/Desktop/akademik/zenphoto/zenphoto-Zenphoto-1.4.4/themes/default/index.php","0","0","0","0","0","0","0","0","0","","0","76","1","74","1","128","42","0","42","8","8","9","1","8","8","1","0.01","0","0","0","0","False","0","0","0","0","False","0","35","0","False","True","23","13","23","11","1.0","9","114","0.20175438596491227","0","40","0","0","2","0","0","0","0","2","0","1","2","yes"
"/Users/sbicer/Desktop/akademik/zenphoto/zenphoto-Zenphoto-1.4.4/themes/default/password.php","0","0","0","0","0","0","0","0","0","","0","45","1","43","1","4","21","0","21","3","3","5","1","3","3","1","0.02","0","0","0","0","False","0","0","0","0","False","0","17","0","False","True","14","10","15","8","0.9333333333333333","7","49","0.2857142857142857","0","26","0","0","1","0","0","0","0","2","0","0","0","yes"
"/Users/sbicer/Desktop/akademik/zenphoto/zenphoto-Zenphoto-1.4.4/themes/default/register.php","0","0","0","0","0","0","0","0","0","","0","37","1","35","1","2","19","0","19","2","2","3","1","2","2","1","0.03","0","0","0","0","False","0","0","0","0","False","0","17","0","False","True","14","10","14","8","1.0","6","48","0.2916666666666667","0","26","0","0","1","0","0","0","0","2","0","0","0","yes"
"/Users/sbicer/Desktop/akademik/zenphoto/zenphoto-Zenphoto-1.4.4/themes/default/search.php","0","0","0","0","0","0","0","0","0","","0","98","1","96","1","384","56","0","56","10","10","10","1","10","10","2","0.01","0","0","0","0","False","0","0","0","0","True","1","41","0","False","True","29","14","30","11","0.9666666666666667","9","153","0.1895424836601307","0","49","0","0","4","0","0","0","0","2","0","1","2","yes"
"/Users/sbicer/Desktop/akademik/zenphoto/zenphoto-Zenphoto-1.4.4/themes/default/slideshow.php","0","0","0","0","0","0","0","0","0","","0","24","1","22","1","2","10","0","10","2","2","2","1","2","2","1","0.05","0","0","0","0","False","0","0","0","0","False","0","9","0","False","True","7","7","7","7","1.0","3","17","0.4117647058823529","0","12","0","0","0","0","0","0","0","1","0","0","0","yes"
"/Users/sbicer/Desktop/akademik/zenphoto/zenphoto-Zenphoto-1.4.4/themes/effervescence_plus/404.php","0","0","0","0","0","0","0","0","0","","0","75","9","65","1","32","29","0","29","6","6","6","1","6","6","1","0.02","0","0","0","0","False","0","0","0","0","False","0","23","0","False","True","21","11","21","9","1.0","7","80","0.2625","5","41","0","0","2","0","0","0","0","2","0","0","0","yes"
"/Users/sbicer/Desktop/akademik/zenphoto/zenphoto-Zenphoto-1.4.4/themes/effervescence_plus/album.php","0","0","0","0","0","0","0","0","0","","0","195","19","175","3","6144","70","0","70","15","15","16","1","15","15","3","0.02","0","0","0","0","False","0","0","0","0","False","0","48","0","False","True","35","14","38","12","0.9210526315789473","8","165","0.21212121212121213","21","85","0","0","4","0","0","0","0","2","0","1","1","yes"
"/Users/sbicer/Desktop/akademik/zenphoto/zenphoto-Zenphoto-1.4.4/themes/effervescence_plus/archive.php","0","0","0","0","0","0","0","0","0","","0","95","10","84","1","64","35","0","35","7","7","7","1","7","7","1","0.01","0","0","0","0","False","0","0","0","0","False","0","35","0","False","True","27","12","27","10","1.0","7","123","0.21951219512195122","13","57","0","0","2","0","0","0","0","2","0","2","2","yes"
"/Users/sbicer/Desktop/akademik/zenphoto/zenphoto-Zenphoto-1.4.4/themes/effervescence_plus/colorbox/functions.php","2","2","2","1","19","0","18","0","1","","5","111","8","97","6","2","42","8","34","2","2","2","1","8","8","3","0.06","13","13","14","5","False","0","0","0","0","False","0","10","0","False","True","8","2","8","3","1.0","5","22","0.36363636363636365","4","17","0","0","0","0","1","1","0","0","0","0","0","yes"
"/Users/sbicer/Desktop/akademik/zenphoto/zenphoto-Zenphoto-1.4.4/themes/effervescence_plus/contact.php","0","0","0","0","0","0","0","0","0","","0","88","21","65","2","4","29","0","29","3","3","4","1","3","3","1","0.03","0","0","0","0","False","0","0","0","0","False","0","25","0","False","True","20","11","24","11","0.8333333333333334","7","76","0.2631578947368421","10","46","0","0","2","0","1","1","1","2","0","0","0","yes"
"/Users/sbicer/Desktop/akademik/zenphoto/zenphoto-Zenphoto-1.4.4/themes/effervescence_plus/favorites.php","0","0","0","0","0","0","0","0","0","","0","225","20","204","3","12288","83","0","83","18","18","19","1","18","18","4","0.01","0","0","0","0","False","0","0","0","0","False","0","49","0","False","True","40","14","43","12","0.9302325581395349","8","196","0.20408163265306123","24","96","0","0","4","0","0","0","0","2","0","1","1","yes"
"/Users/sbicer/Desktop/akademik/zenphoto/zenphoto-Zenphoto-1.4.4/themes/effervescence_plus/functions.php","4","4","4","1","20","0","20","0","0","","19","440","27","410","4","4","246","29","217","3","3","4","1","10","10","4","0.01","77","77","91","19","False","0","0","0","1","True","4","39","1","True","True","19","8","18","7","1.0555555555555556","3","36","0.5277777777777778","4","42","0","0","0","0","2","2","0","0","0","0","0","yes"
"/Users/sbicer/Desktop/akademik/zenphoto/zenphoto-Zenphoto-1.4.4/themes/effervescence_plus/gallery.php","0","0","0","0","0","0","0","0","0","","0","110","12","97","1","96","43","0","43","8","8","9","1","8","8","2","0.01","0","0","0","0","False","0","0","0","0","False","0","29","0","False","True","25","13","28","11","0.8928571428571429","8","111","0.22522522522522523","12","55","0","0","3","0","0","0","0","2","0","1","1","yes"
"/Users/sbicer/Desktop/akademik/zenphoto/zenphoto-Zenphoto-1.4.4/themes/effervescence_plus/image.php","0","0","0","0","0","0","0","0","0","","0","167","15","151","1","1536","60","1","59","12","12","13","1","12","12","2","0.01","0","0","0","0","False","0","0","0","0","False","0","43","0","False","True","29","12","34","11","0.8529411764705882","9","149","0.19463087248322147","8","62","0","0","3","0","1","1","0","2","0","0","0","yes"
"/Users/sbicer/Desktop/akademik/zenphoto/zenphoto-Zenphoto-1.4.4/themes/effervescence_plus/image_gallery/functions.php","3","3","4","1","33","0","32","0","1","","5","176","8","163","5","1","49","8","41","1","1","1","1","11","11","5","0.03","19","19","20","5","False","0","0","0","0","False","0","30","0","False","True","19","7","24","7","0.7916666666666666","11","104","0.18269230769230768","4","33","0","0","1","0","2","2","1","1","0","0","0","yes"
"/Users/sbicer/Desktop/akademik/zenphoto/zenphoto-Zenphoto-1.4.4/themes/effervescence_plus/image_page/functions.php","2","2","2","1","15","0","15","0","1","","5","87","7","76","4","1","39","8","31","1","1","1","1","8","8","3","0.05","13","13","14","5","False","0","0","0","0","False","0","9","0","False","True","7","1","7","2","1.0","5","21","0.3333333333333333","4","17","0","0","0","0","0","0","0","0","0","0","0","yes"
"/Users/sbicer/Desktop/akademik/zenphoto/zenphoto-Zenphoto-1.4.4/themes/effervescence_plus/indexpage.php","0","0","0","0","0","0","0","0","0","","0","131","12","118","1","1024","48","0","48","12","12","12","1","12","12","1","0.01","0","0","0","0","False","0","0","0","0","False","0","30","1","True","True","27","12","29","12","0.9310344827586207","6","100","0.27","13","59","0","0","2","0","0","0","0","2","0","1","1","yes"
"/Users/sbicer/Desktop/akademik/zenphoto/zenphoto-Zenphoto-1.4.4/themes/effervescence_plus/news.php","0","0","0","0","0","0","0","0","0","","0","128","13","114","3","1560","60","0","60","13","13","14","1","13","13","2","0.03","0","0","0","0","False","0","0","0","0","False","0","40","0","False","True","27","12","29","12","0.9310344827586207","7","121","0.2231404958677686","12","57","0","0","2","0","0","0","0","2","0","1","1","yes"
"/Users/sbicer/Desktop/akademik/zenphoto/zenphoto-Zenphoto-1.4.4/themes/effervescence_plus/pages.php","0","0","0","0","0","0","0","0","0","","0","85","14","70","1","4","32","0","32","3","3","4","1","3","3","1","0.01","0","0","0","0","False","0","0","0","0","False","0","29","0","False","True","23","12","25","10","0.92","7","96","0.23958333333333334","12","50","0","0","2","0","0","0","0","2","0","1","1","yes"
"/Users/sbicer/Desktop/akademik/zenphoto/zenphoto-Zenphoto-1.4.4/themes/effervescence_plus/password.php","0","0","0","0","0","0","0","0","0","","0","56","10","45","1","2","19","0","19","3","3","3","1","3","3","1","0.02","0","0","0","0","False","0","0","0","0","False","0","16","0","False","True","16","9","18","8","0.8888888888888888","6","52","0.3076923076923077","4","32","0","0","1","0","0","0","0","2","0","0","0","yes"
"/Users/sbicer/Desktop/akademik/zenphoto/zenphoto-Zenphoto-1.4.4/themes/effervescence_plus/register.php","0","0","0","0","0","0","0","0","0","","0","85","20","63","2","4","29","0","29","3","3","4","1","3","3","1","0.03","0","0","0","0","False","0","0","0","0","False","0","25","0","False","True","20","11","24","11","0.8333333333333334","7","76","0.2631578947368421","10","45","0","0","2","0","1","1","1","2","0","0","0","yes"
"/Users/sbicer/Desktop/akademik/zenphoto/zenphoto-Zenphoto-1.4.4/themes/effervescence_plus/search.php","0","0","0","0","0","0","0","0","0","","0","323","23","298","4","75644928","126","0","126","35","35","39","1","35","35","4","0.01","0","0","0","0","False","0","0","0","0","False","0","65","0","False","True","57","17","53","12","1.0754716981132075","10","347","0.1642651296829971","15","110","0","0","8","0","1","1","0","2","0","5","9","yes"
"/Users/sbicer/Desktop/akademik/zenphoto/zenphoto-Zenphoto-1.4.4/themes/effervescence_plus/sidebar.php","0","0","0","0","0","0","0","0","0","","0","103","6","96","2","109","30","0","30","10","10","12","1","10","10","3","0.02","0","0","0","0","False","0","0","0","0","False","0","33","0","False","True","24","5","15","3","1.6","4","48","0.5","0","41","0","0","2","0","0","0","0","0","0","0","0","yes"
"/Users/sbicer/Desktop/akademik/zenphoto/zenphoto-Zenphoto-1.4.4/themes/effervescence_plus/simpleviewer/functions.php","3","3","3","1","19","0","19","0","1","","7","184","20","157","8","4","88","23","65","4","4","8","1","9","9","4","0.05","22","22","24","10","False","0","0","0","0","True","3","20","0","False","True","14","7","12","6","1.1666666666666667","4","40","0.35","3","28","0","0","0","0","2","2","1","0","0","0","0","no"
"/Users/sbicer/Desktop/akademik/zenphoto/zenphoto-Zenphoto-1.4.4/themes/effervescence_plus/slideshow.php","0","0","0","0","0","0","0","0","0","","0","88","4","83","1","8","38","0","38","4","4","4","1","4","4","1","0.01","0","0","0","0","False","0","0","0","0","False","0","25","0","False","True","23","10","28","10","0.8214285714285714","9","105","0.21904761904761905","12","53","0","0","2","0","0","0","0","3","0","1","1","yes"
"/Users/sbicer/Desktop/akademik/zenphoto/zenphoto-Zenphoto-1.4.4/themes/effervescence_plus/themeoptions.php","5","5","7","1","41","1","40","0","1","","4","188","14","167","7","1","98","7","91","1","1","1","1","8","8","4","0.04","23","22","30","4","False","0","0","0","0","False","0","5","2","True","True","3","2","5","4","0.6","2","5","0.6","0","7","0","0","0","0","0","0","0","0","0","1","1","no"
"/Users/sbicer/Desktop/akademik/zenphoto/zenphoto-Zenphoto-1.4.4/themes/garland/404.php","0","0","0","0","0","0","0","0","0","","0","73","0","73","0","16","28","0","28","5","5","5","1","5","5","1","0.00","0","0","0","0","False","0","0","0","0","False","0","20","0","False","True","27","12","28","8","0.9642857142857143","11","167","0.16167664670658682","4","51","0","0","2","0","0","0","0","1","0","1","2","yes"
"/Users/sbicer/Desktop/akademik/zenphoto/zenphoto-Zenphoto-1.4.4/themes/garland/album.php","0","0","0","0","0","0","0","0","0","","0","150","0","150","0","640","67","0","67","11","11","14","1","11","11","2","0.00","0","0","0","0","False","0","0","0","0","False","0","51","0","False","True","50","15","51","10","0.9803921568627451","14","356","0.1404494382022472","7","85","0","0","6","0","0","0","0","1","0","3","6","yes"
"/Users/sbicer/Desktop/akademik/zenphoto/zenphoto-Zenphoto-1.4.4/themes/garland/archive.php","0","0","0","0","0","0","0","0","0","","0","76","3","73","0","8","28","0","28","4","4","4","1","4","4","1","0.00","0","0","0","0","False","0","0","0","0","False","0","25","0","False","True","31","11","30","8","1.0333333333333334","11","197","0.15736040609137056","4","59","0","0","2","0","0","0","0","1","0","1","2","yes"
"/Users/sbicer/Desktop/akademik/zenphoto/zenphoto-Zenphoto-1.4.4/themes/garland/colorbox/functions.php","2","2","2","1","15","0","14","0","1","","4","79","8","66","5","2","25","6","19","2","2","2","1","5","5","3","0.08","8","8","8","4","False","0","0","0","0","False","0","9","0","False","True","6","4","7","6","0.8571428571428571","4","12","0.5","1","12","0","0","1","0","1","1","0","0","0","0","0","yes"
"/Users/sbicer/Desktop/akademik/zenphoto/zenphoto-Zenphoto-1.4.4/themes/garland/contact.php","0","0","0","0","0","0","0","0","0","","0","58","1","57","0","2","20","0","20","2","2","3","1","2","2","1","0.00","0","0","0","0","False","0","0","0","0","False","0","18","0","False","True","26","12","27","8","0.9629629629629629","11","157","0.16560509554140126","4","49","0","0","2","0","0","0","0","1","0","1","2","yes"
"/Users/sbicer/Desktop/akademik/zenphoto/zenphoto-Zenphoto-1.4.4/themes/garland/contact_form/form.php","0","0","0","0","0","0","0","0","0","","0","127","0","123","4","28697814","78","0","78","32","32","34","1","32","32","2","0.03","0","0","0","0","False","0","0","0","0","False","0","75","0","False","True","63","6","77","11","0.8181818181818182","5","245","0.2571428571428571","0","93","1","15","0","0","0","0","0","0","0","1","1","no"
"/Users/sbicer/Desktop/akademik/zenphoto/zenphoto-Zenphoto-1.4.4/themes/garland/favorites.php","0","0","0","0","0","0","0","0","0","","0","136","1","135","0","160","56","0","56","9","9","11","1","9","9","2","0.00","0","0","0","0","False","0","0","0","0","False","0","50","0","False","True","52","15","55","10","0.9454545454545454","14","404","0.12871287128712872","8","90","0","0","7","0","0","0","0","1","0","3","6","yes"
"/Users/sbicer/Desktop/akademik/zenphoto/zenphoto-Zenphoto-1.4.4/themes/garland/functions.php","4","3","5","1","20","0","20","0","0","","7","159","8","150","1","1","89","11","78","1","1","1","1","10","8","3","0.01","28","26","38","7","False","0","0","0","0","True","2","24","0","False","True","13","6","12","7","1.0833333333333333","3","24","0.5416666666666666","1","24","0","0","0","0","1","1","0","0","0","0","0","yes"
"/Users/sbicer/Desktop/akademik/zenphoto/zenphoto-Zenphoto-1.4.4/themes/garland/gallery.php","0","0","0","0","0","0","0","0","0","","0","93","0","93","0","16","38","0","38","5","5","5","1","5","5","1","0.00","0","0","0","0","False","0","0","0","0","False","0","34","0","False","True","38","14","39","8","0.9743589743589743","14","283","0.13427561837455831","12","68","0","0","4","0","0","0","0","1","0","2","4","yes"
"/Users/sbicer/Desktop/akademik/zenphoto/zenphoto-Zenphoto-1.4.4/themes/garland/image.php","0","0","0","0","0","0","0","0","0","","0","153","1","152","0","768","57","0","57","11","11","13","1","11","11","2","0.00","0","0","0","0","False","0","0","0","0","False","0","49","0","False","True","42","14","47","10","0.8936170212765957","11","276","0.15217391304347827","4","78","0","0","5","0","1","1","0","1","0","1","2","yes"
"/Users/sbicer/Desktop/akademik/zenphoto/zenphoto-Zenphoto-1.4.4/themes/garland/image_gallery/functions.php","3","3","3","1","35","0","34","0","1","","4","155","8","142","5","1","40","6","34","1","1","1","1","9","9","5","0.04","15","15","15","4","False","0","0","0","0","False","0","25","0","False","True","16","8","21","8","0.7619047619047619","9","68","0.23529411764705882","2","27","0","0","1","0","2","2","1","1","0","0","0","yes"
"/Users/sbicer/Desktop/akademik/zenphoto/zenphoto-Zenphoto-1.4.4/themes/garland/image_page/functions.php","1","1","1","1","9","0","8","0","1","","4","50","7","39","4","1","19","6","13","1","1","1","1","4","4","3","0.10","7","7","7","4","False","0","0","0","0","False","0","6","0","False","True","5","3","6","5","0.8333333333333334","4","11","0.45454545454545453","1","9","0","0","1","0","0","0","0","0","0","0","0","yes"
"/Users/sbicer/Desktop/akademik/zenphoto/zenphoto-Zenphoto-1.4.4/themes/garland/main.php","0","0","0","0","0","0","0","0","0","","0","67","0","67","0","8","25","0","25","4","4","4","1","4","4","1","0.00","0","0","0","0","False","0","0","0","0","False","0","20","0","False","True","28","11","28","8","1.0","10","162","0.1728395061728395","11","50","0","0","1","0","0","0","0","1","0","1","2","yes"
"/Users/sbicer/Desktop/akademik/zenphoto/zenphoto-Zenphoto-1.4.4/themes/garland/news.php","0","0","0","0","0","0","0","0","0","","0","121","1","120","2","204","50","0","50","10","10","12","1","10","10","2","0.02","0","0","0","0","False","0","0","0","0","False","0","33","0","False","True","34","13","35","9","0.9714285714285714","11","217","0.15668202764976957","6","63","0","0","2","0","0","0","0","1","0","1","2","yes"
"/Users/sbicer/Desktop/akademik/zenphoto/zenphoto-Zenphoto-1.4.4/themes/garland/pages.php","0","0","0","0","0","0","0","0","0","","0","73","1","72","0","2","28","0","28","2","2","3","1","2","2","1","0.00","0","0","0","0","False","0","0","0","0","False","0","23","0","False","True","29","12","30","8","0.9666666666666667","11","178","0.16292134831460675","6","55","0","0","2","0","0","0","0","1","0","1","2","yes"
"/Users/sbicer/Desktop/akademik/zenphoto/zenphoto-Zenphoto-1.4.4/themes/garland/password.php","0","0","0","0","0","0","0","0","0","","0","58","0","58","0","2","21","0","21","2","2","2","1","2","2","1","0.00","0","0","0","0","False","0","0","0","0","False","0","19","0","False","True","26","12","27","8","0.9629629629629629","11","157","0.16560509554140126","4","49","0","0","2","0","0","0","0","1","0","1","2","yes"
"/Users/sbicer/Desktop/akademik/zenphoto/zenphoto-Zenphoto-1.4.4/themes/garland/register.php","0","0","0","0","0","0","0","0","0","","0","60","0","60","0","2","22","0","22","2","2","3","1","2","2","1","0.00","0","0","0","0","False","0","0","0","0","False","0","20","0","False","True","26","12","27","8","0.9629629629629629","11","157","0.16560509554140126","4","49","0","0","2","0","0","0","0","1","0","1","2","yes"
"/Users/sbicer/Desktop/akademik/zenphoto/zenphoto-Zenphoto-1.4.4/themes/garland/search.php","0","0","0","0","0","0","0","0","0","","0","244","3","241","1","176640","94","0","94","24","24","28","1","24","24","4","0.00","0","0","0","0","False","0","0","0","0","False","0","58","0","False","True","63","17","58","8","1.0862068965517242","14","584","0.10787671232876712","3","109","0","0","8","0","1","1","0","1","0","7","14","yes"
"/Users/sbicer/Desktop/akademik/zenphoto/zenphoto-Zenphoto-1.4.4/themes/garland/sidebar.php","0","0","0","0","0","0","0","0","0","","0","127","5","121","2","552","54","0","54","20","15","23","9","20","15","4","0.02","0","0","0","0","False","0","0","0","0","False","0","20","0","False","True","13","6","9","5","1.4444444444444444","5","35","0.37142857142857144","2","28","0","0","1","0","0","0","0","0","0","0","0","no"
"/Users/sbicer/Desktop/akademik/zenphoto/zenphoto-Zenphoto-1.4.4/themes/garland/slideshow.php","0","0","0","0","0","0","0","0","0","","0","22","1","20","1","2","10","0","10","2","2","2","1","2","2","1","0.05","0","0","0","0","False","0","0","0","0","False","0","9","0","False","True","7","7","7","7","1.0","3","17","0.4117647058823529","0","12","0","0","0","0","0","0","0","1","0","0","0","yes"
"/Users/sbicer/Desktop/akademik/zenphoto/zenphoto-Zenphoto-1.4.4/themes/stopdesign/404.php","0","0","0","0","0","0","0","0","0","","0","64","8","56","0","16","28","0","28","5","5","5","1","5","5","1","0.00","0","0","0","0","False","0","0","0","0","False","0","20","0","False","True","15","10","17","10","0.8823529411764706","4","47","0.3191489361702128","0","31","0","0","2","0","0","0","0","1","0","0","0","yes"
"/Users/sbicer/Desktop/akademik/zenphoto/zenphoto-Zenphoto-1.4.4/themes/stopdesign/album.php","0","0","0","0","0","0","0","0","0","","0","206","12","193","1","20152320","131","0","131","33","33","44","1","33","33","10","0.01","0","0","0","0","False","0","0","0","0","False","0","59","0","False","True","39","17","47","12","0.8297872340425532","8","174","0.22413793103448276","0","62","0","0","8","0","0","0","0","3","0","5","10","yes"
"/Users/sbicer/Desktop/akademik/zenphoto/zenphoto-Zenphoto-1.4.4/themes/stopdesign/comment.php","0","0","0","0","0","0","0","0","0","","0","60","3","56","1","12","22","0","22","5","5","5","1","5","5","2","0.02","0","0","0","0","False","0","0","0","0","False","0","18","0","False","True","11","9","10","6","1.1","4","28","0.39285714285714285","5","23","0","0","1","0","2","2","1","0","0","0","0","no"
"/Users/sbicer/Desktop/akademik/zenphoto/zenphoto-Zenphoto-1.4.4/themes/stopdesign/comment_form/comment_form.php","0","0","0","0","0","0","0","0","0","","0","240","3","236","1","117000","79","1","78","21","21","21","1","21","21","2","0.00","0","0","0","0","False","0","0","0","0","False","0","77","0","False","True","70","15","142","19","0.49295774647887325","7","335","0.208955223880597","3","111","1","21","1","0","1","1","0","0","0","0","0","yes"
"/Users/sbicer/Desktop/akademik/zenphoto/zenphoto-Zenphoto-1.4.4/themes/stopdesign/contact.php","0","0","0","0","0","0","0","0","0","","0","54","8","45","1","2","27","0","27","2","2","3","1","2","2","1","0.02","0","0","0","0","False","0","0","0","0","False","0","22","0","False","True","16","12","14","10","1.1428571428571428","5","53","0.3018867924528302","0","32","0","0","1","0","0","0","0","1","0","0","0","yes"
"/Users/sbicer/Desktop/akademik/zenphoto/zenphoto-Zenphoto-1.4.4/themes/stopdesign/contact_form/form.php","0","0","0","0","0","0","0","0","0","","0","127","0","123","4","28697814","78","0","78","32","32","34","1","32","32","2","0.03","0","0","0","0","False","0","0","0","0","False","0","74","0","False","True","63","6","77","11","0.8181818181818182","5","245","0.2571428571428571","0","93","1","15","0","0","0","0","0","0","0","1","1","no"
"/Users/sbicer/Desktop/akademik/zenphoto/zenphoto-Zenphoto-1.4.4/themes/stopdesign/favorites.php","0","0","0","0","0","0","0","0","0","","0","188","12","175","1","629760","118","0","118","28","28","38","1","28","28","10","0.01","0","0","0","0","False","0","0","0","0","False","0","48","0","False","True","30","15","37","12","0.8108108108108109","6","117","0.2564102564102564","0","56","0","0","6","0","0","0","0","3","0","1","2","yes"
"/Users/sbicer/Desktop/akademik/zenphoto/zenphoto-Zenphoto-1.4.4/themes/stopdesign/functions.php","1","1","1","1","13","0","12","0","0","","2","32","2","29","1","1","6","2","4","1","1","1","1","1","1","0","0.03","2","2","2","2","False","0","0","0","0","False","0","1","0","False","True","1","1","1","1","1.0","1","1","1.0","0","3","0","0","0","0","1","1","0","0","0","0","0","yes"
"/Users/sbicer/Desktop/akademik/zenphoto/zenphoto-Zenphoto-1.4.4/themes/stopdesign/gallery.php","0","0","0","0","0","0","0","0","0","","0","134","13","120","1","3264","77","0","77","18","18","19","1","18","18","6","0.01","0","0","0","0","False","0","0","0","0","False","0","42","0","False","True","32","16","27","11","1.1851851851851851","8","152","0.21052631578947367","0","60","0","0","5","0","0","0","0","1","0","0","0","yes"
"/Users/sbicer/Desktop/akademik/zenphoto/zenphoto-Zenphoto-1.4.4/themes/stopdesign/image.php","0","0","0","0","0","0","0","0","0","","0","183","12","170","1","221184","105","0","105","22","22","23","1","22","22","2","0.01","0","0","0","0","False","0","0","0","0","False","0","57","0","False","True","45","17","52","12","0.8653846153846154","10","223","0.20179372197309417","0","78","0","0","5","0","2","2","0","3","0","6","12","yes"
"/Users/sbicer/Desktop/akademik/zenphoto/zenphoto-Zenphoto-1.4.4/themes/stopdesign/index.php","0","0","0","0","0","0","0","0","0","","0","219","10","208","1","29376","123","0","123","25","25","27","4","25","25","6","0.00","0","0","0","0","False","0","0","0","0","False","0","47","0","False","True","46","20","34","15","1.3529411764705883","9","258","0.17829457364341086","0","78","0","0","4","0","0","0","0","1","0","0","0","yes"
"/Users/sbicer/Desktop/akademik/zenphoto/zenphoto-Zenphoto-1.4.4/themes/stopdesign/password.php","0","0","0","0","0","0","0","0","0","","0","60","10","49","1","4","23","0","23","3","3","5","1","3","3","1","0.02","0","0","0","0","False","0","0","0","0","False","0","21","0","False","True","15","10","17","10","0.8823529411764706","4","47","0.3191489361702128","0","31","0","0","2","0","0","0","0","1","0","0","0","yes"
"/Users/sbicer/Desktop/akademik/zenphoto/zenphoto-Zenphoto-1.4.4/themes/stopdesign/register.php","0","0","0","0","0","0","0","0","0","","0","53","7","45","1","2","27","0","27","2","2","3","1","2","2","1","0.02","0","0","0","0","False","0","0","0","0","False","0","22","0","False","True","16","12","14","10","1.1428571428571428","5","53","0.3018867924528302","0","31","0","0","1","0","0","0","0","1","0","0","0","yes"
"/Users/sbicer/Desktop/akademik/zenphoto/zenphoto-Zenphoto-1.4.4/themes/stopdesign/search.php","0","0","0","0","0","0","0","0","0","","0","189","9","179","1","1994240","116","0","116","31","31","41","1","31","31","10","0.01","0","0","0","0","False","0","0","0","0","False","0","46","0","False","True","31","16","37","12","0.8378378378378378","8","139","0.22302158273381295","0","48","0","0","7","0","0","0","0","1","0","5","10","yes"
"/Users/sbicer/Desktop/akademik/zenphoto/zenphoto-Zenphoto-1.4.4/themes/stopdesign/slideshow.php","0","0","0","0","0","0","0","0","0","","0","22","1","20","1","2","10","0","10","2","2","2","1","2","2","1","0.05","0","0","0","0","False","0","0","0","0","False","0","9","0","False","True","7","7","7","7","1.0","3","17","0.4117647058823529","0","12","0","0","0","0","0","0","0","1","0","0","0","yes"
"/Users/sbicer/Desktop/akademik/zenphoto/zenphoto-Zenphoto-1.4.4/themes/zenpage/404.php","0","0","0","0","0","0","0","0","0","","0","66","17","48","1","16","21","0","21","5","5","5","1","5","5","1","0.02","0","0","0","0","False","0","0","0","0","False","0","13","0","False","True","17","11","14","8","1.2142857142857142","7","71","0.23943661971830985","2","31","0","0","1","0","0","0","0","1","0","0","0","yes"
"/Users/sbicer/Desktop/akademik/zenphoto/zenphoto-Zenphoto-1.4.4/themes/zenpage/album.php","0","0","0","0","0","0","0","0","0","","0","117","21","95","1","384","58","0","58","10","10","10","1","10","10","2","0.01","0","0","0","0","False","0","0","0","0","False","0","45","0","False","True","35","14","32","10","1.09375","10","204","0.1715686274509804","4","56","0","0","4","0","0","0","0","1","0","4","8","yes"
"/Users/sbicer/Desktop/akademik/zenphoto/zenphoto-Zenphoto-1.4.4/themes/zenpage/archive.php","0","0","0","0","0","0","0","0","0","","0","70","15","54","1","16","29","0","29","5","5","5","1","5","5","1","0.02","0","0","0","0","False","0","0","0","0","False","0","25","0","False","True","24","13","17","8","1.411764705882353","7","114","0.21052631578947367","4","43","0","0","1","0","0","0","0","1","0","0","0","yes"
"/Users/sbicer/Desktop/akademik/zenphoto/zenphoto-Zenphoto-1.4.4/themes/zenpage/contact.php","0","0","0","0","0","0","0","0","0","","0","60","17","42","1","2","16","0","16","2","2","3","1","2","2","1","0.02","0","0","0","0","False","0","0","0","0","False","0","14","0","False","True","18","11","14","7","1.2857142857142858","8","77","0.23376623376623376","4","31","0","0","1","0","0","0","0","1","0","0","0","yes"
"/Users/sbicer/Desktop/akademik/zenphoto/zenphoto-Zenphoto-1.4.4/themes/zenpage/favorites.php","0","0","0","0","0","0","0","0","0","","0","97","21","75","1","32","45","0","45","6","6","6","1","6","6","1","0.01","0","0","0","0","False","0","0","0","0","False","0","41","0","False","True","34","13","31","10","1.096774193548387","9","179","0.18994413407821228","4","56","0","0","4","0","0","0","0","1","0","3","6","yes"
"/Users/sbicer/Desktop/akademik/zenphoto/zenphoto-Zenphoto-1.4.4/themes/zenpage/footer.php","0","0","0","0","0","0","0","0","0","","0","6","2","3","1","1","2","0","2","1","1","1","1","1","1","0","0.33","0","0","0","0","False","0","0","0","0","False","0","1","0","False","True","0","0","0","0","0","0","0","0","0","1","0","0","0","0","0","0","0","0","0","0","0","no"
"/Users/sbicer/Desktop/akademik/zenphoto/zenphoto-Zenphoto-1.4.4/themes/zenpage/functions.php","2","2","2","1","14","0","14","0","0","","3","71","6","48","17","1","24","3","21","1","1","1","1","3","3","1","0.35","6","6","6","3","False","0","0","0","0","False","0","8","0","False","True","3","2","6","4","0.5","1","3","1.0","0","7","0","0","2","0","1","1","0","0","0","1","2","yes"
"/Users/sbicer/Desktop/akademik/zenphoto/zenphoto-Zenphoto-1.4.4/themes/zenpage/gallery.php","0","0","0","0","0","0","0","0","0","","0","108","18","89","2","48","51","0","51","9","9","10","1","9","9","4","0.02","0","0","0","0","False","0","0","0","0","False","0","40","0","False","True","30","14","26","10","1.1538461538461537","10","171","0.17543859649122806","4","51","0","0","3","0","0","0","0","1","0","1","1","yes"
"/Users/sbicer/Desktop/akademik/zenphoto/zenphoto-Zenphoto-1.4.4/themes/zenpage/image.php","0","0","0","0","0","0","0","0","0","","0","137","18","117","2","4096","61","0","61","13","13","14","1","13","13","1","0.02","0","0","0","0","False","0","0","0","0","False","0","48","0","False","True","30","13","30","10","1.0","7","151","0.1986754966887417","4","50","0","0","4","0","1","1","0","1","0","2","3","yes"
"/Users/sbicer/Desktop/akademik/zenphoto/zenphoto-Zenphoto-1.4.4/themes/zenpage/news.php","0","0","0","0","0","0","0","0","0","","0","118","20","94","4","180","67","0","67","13","13","14","1","13","13","4","0.04","0","0","0","0","False","0","0","0","0","False","0","45","0","False","True","31","14","24","9","1.2916666666666667","8","161","0.19254658385093168","4","51","0","0","1","0","0","0","0","1","0","3","5","yes"
"/Users/sbicer/Desktop/akademik/zenphoto/zenphoto-Zenphoto-1.4.4/themes/zenpage/pages.php","0","0","0","0","0","0","0","0","0","","0","65","15","49","1","64","31","0","31","7","7","8","1","7","7","1","0.02","0","0","0","0","False","0","0","0","0","False","0","21","0","False","True","20","12","15","8","1.3333333333333333","7","88","0.22727272727272727","4","34","0","0","1","0","0","0","0","1","0","1","2","yes"
"/Users/sbicer/Desktop/akademik/zenphoto/zenphoto-Zenphoto-1.4.4/themes/zenpage/password.php","0","0","0","0","0","0","0","0","0","","0","59","16","42","1","4","17","0","17","3","3","5","1","3","3","1","0.02","0","0","0","0","False","0","0","0","0","False","0","14","0","False","True","17","11","14","8","1.2142857142857142","7","71","0.23943661971830985","2","31","0","0","1","0","0","0","0","1","0","0","0","yes"
"/Users/sbicer/Desktop/akademik/zenphoto/zenphoto-Zenphoto-1.4.4/themes/zenpage/register.php","0","0","0","0","0","0","0","0","0","","0","57","16","40","1","2","16","0","16","2","2","3","1","2","2","1","0.03","0","0","0","0","False","0","0","0","0","False","0","14","0","False","True","18","11","14","7","1.2857142857142858","8","77","0.23376623376623376","4","31","0","0","1","0","0","0","0","1","0","0","0","yes"
"/Users/sbicer/Desktop/akademik/zenphoto/zenphoto-Zenphoto-1.4.4/themes/zenpage/search.php","0","0","0","0","0","0","0","0","0","","0","198","14","183","2","345600","99","0","99","25","25","27","1","25","25","3","0.01","0","0","0","0","False","0","0","0","0","False","0","59","0","False","True","44","18","33","10","1.3333333333333333","10","264","0.16666666666666666","4","77","0","0","4","0","0","0","0","1","0","0","0","yes"
"/Users/sbicer/Desktop/akademik/zenphoto/zenphoto-Zenphoto-1.4.4/themes/zenpage/sidebar.php","0","0","0","0","0","0","0","0","0","","0","139","7","131","2","9750","44","0","44","18","18","27","1","18","18","3","0.02","0","0","0","0","False","0","0","0","0","False","0","39","0","False","True","22","4","8","1","2.75","3","41","0.5365853658536586","0","44","0","0","0","0","0","0","0","0","0","0","0","yes"
"/Users/sbicer/Desktop/akademik/zenphoto/zenphoto-Zenphoto-1.4.4/themes/zenpage/slideshow.php","0","0","0","0","0","0","0","0","0","","0","24","3","20","1","2","11","0","11","2","2","2","1","2","2","1","0.05","0","0","0","0","False","0","0","0","0","False","0","10","0","False","True","7","7","7","7","1.0","3","17","0.4117647058823529","0","12","0","0","0","0","0","0","0","1","0","0","0","yes"
"/Users/sbicer/Desktop/akademik/zenphoto/zenphoto-Zenphoto-1.4.4/themes/zpmobile/404.php","0","0","0","0","0","0","0","0","0","","0","56","7","48","1","16","23","0","23","5","5","5","1","5","5","1","0.02","0","0","0","0","False","0","0","0","0","False","0","15","0","False","True","16","10","14","8","1.1428571428571428","8","78","0.20512820512820512","2","29","0","0","1","0","0","0","0","1","0","0","0","no"
"/Users/sbicer/Desktop/akademik/zenphoto/zenphoto-Zenphoto-1.4.4/themes/zpmobile/album.php","0","0","0","0","0","0","0","0","0","","0","76","14","61","1","128","38","0","38","8","8","10","1","8","8","1","0.02","0","0","0","0","False","0","0","0","0","False","0","33","0","False","True","21","12","25","13","0.84","10","128","0.1640625","2","36","0","0","3","0","0","0","0","1","0","0","0","no"
"/Users/sbicer/Desktop/akademik/zenphoto/zenphoto-Zenphoto-1.4.4/themes/zpmobile/archive.php","0","0","0","0","0","0","0","0","0","","0","55","8","46","1","4","22","0","22","3","3","3","1","3","3","1","0.02","0","0","0","0","False","0","0","0","0","False","0","21","0","False","True","19","10","13","8","1.4615384615384615","8","102","0.18627450980392157","2","34","0","0","0","0","0","0","0","1","0","0","0","no"
"/Users/sbicer/Desktop/akademik/zenphoto/zenphoto-Zenphoto-1.4.4/themes/zpmobile/comment_form/comment_form.php","0","0","0","0","0","0","0","0","0","","0","287","1","286","0","1647750","87","0","87","27","27","30","1","27","27","3","0.00","0","0","0","0","False","0","0","0","0","False","0","77","0","False","True","68","9","121","13","0.5619834710743802","6","283","0.24028268551236748","0","112","1","21","0","0","0","0","0","0","0","8","24","no"
"/Users/sbicer/Desktop/akademik/zenphoto/zenphoto-Zenphoto-1.4.4/themes/zpmobile/functions.php","3","2","3","1","17","0","17","0","0","","13","292","13","233","48","1","139","20","119","1","1","1","1","7","7","4","0.21","42","38","45","21","False","0","0","0","1","False","0","74","0","False","True","49","8","68","17","0.7205882352941176","5","128","0.3828125","4","78","0","0","17","0","2","2","1","1","0","1","2","yes"
"/Users/sbicer/Desktop/akademik/zenphoto/zenphoto-Zenphoto-1.4.4/themes/zpmobile/gallery.php","0","0","0","0","0","0","0","0","0","","0","58","12","45","1","16","27","0","27","5","5","7","1","5","5","1","0.02","0","0","0","0","False","0","0","0","0","False","0","25","0","False","True","19","13","19","12","1.0","10","108","0.17592592592592593","2","34","0","0","1","0","0","0","0","1","0","0","0","no"
"/Users/sbicer/Desktop/akademik/zenphoto/zenphoto-Zenphoto-1.4.4/themes/zpmobile/image.php","0","0","0","0","0","0","0","0","0","","0","100","11","88","1","2048","52","0","52","12","12","13","1","12","12","1","0.01","0","0","0","0","False","0","0","0","0","False","0","46","0","False","True","24","12","34","13","0.7058823529411765","9","144","0.16666666666666666","2","40","0","0","4","0","0","0","0","1","0","2","2","yes"
"/Users/sbicer/Desktop/akademik/zenphoto/zenphoto-Zenphoto-1.4.4/themes/zpmobile/index.php","0","0","0","0","0","0","0","0","0","","0","70","9","60","1","12","25","0","25","5","5","5","1","5","5","2","0.02","0","0","0","0","False","0","0","0","0","False","0","25","0","False","True","20","13","19","13","1.0526315789473684","10","112","0.17857142857142858","2","34","0","0","1","0","0","0","0","1","0","0","0","yes"
"/Users/sbicer/Desktop/akademik/zenphoto/zenphoto-Zenphoto-1.4.4/themes/zpmobile/news.php","0","0","0","0","0","0","0","0","0","","0","81","9","70","2","36","47","0","47","8","8","10","1","8","8","2","0.03","0","0","0","0","False","0","0","0","0","False","0","39","0","False","True","23","14","33","16","0.696969696969697","10","134","0.17164179104477612","2","38","0","0","3","0","0","0","0","1","0","0","0","yes"
"/Users/sbicer/Desktop/akademik/zenphoto/zenphoto-Zenphoto-1.4.4/themes/zpmobile/pages.php","0","0","0","0","0","0","0","0","0","","0","76","11","64","2","14","32","0","32","6","6","7","1","6","6","3","0.03","0","0","0","0","False","0","0","0","0","True","1","28","0","False","True","19","12","23","12","0.8260869565217391","8","96","0.19791666666666666","2","31","0","0","2","0","0","0","0","1","0","0","0","no"
"/Users/sbicer/Desktop/akademik/zenphoto/zenphoto-Zenphoto-1.4.4/themes/zpmobile/password.php","0","0","0","0","0","0","0","0","0","","0","49","8","40","1","4","19","0","19","3","3","5","1","3","3","1","0.03","0","0","0","0","False","0","0","0","0","False","0","15","0","False","True","16","10","13","8","1.2307692307692308","9","81","0.19753086419753085","2","26","0","0","1","0","0","0","0","1","0","0","0","no"
"/Users/sbicer/Desktop/akademik/zenphoto/zenphoto-Zenphoto-1.4.4/themes/zpmobile/register.php","0","0","0","0","0","0","0","0","0","","0","41","7","33","1","2","16","0","16","2","2","3","1","2","2","1","0.03","0","0","0","0","False","0","0","0","0","False","0","14","0","False","True","12","8","11","8","1.0909090909090908","7","47","0.2553191489361702","2","22","0","0","0","0","0","0","0","1","0","0","0","yes"
"/Users/sbicer/Desktop/akademik/zenphoto/zenphoto-Zenphoto-1.4.4/themes/zpmobile/search.php","0","0","0","0","0","0","0","0","0","","0","173","6","167","1","345600","89","0","89","25","25","27","1","25","25","3","0.01","0","0","0","0","False","0","0","0","0","False","0","49","0","False","True","36","16","33","13","1.0909090909090908","11","247","0.145748987854251","2","62","0","0","2","0","0","0","0","1","0","0","0","yes"
"/Users/sbicer/Desktop/akademik/zenphoto/zenphoto-Zenphoto-1.4.4/zp-core/404.php","0","0","0","0","0","0","0","0","0","","0","25","2","22","1","8","10","0","10","4","4","4","1","4","4","1","0.05","0","0","0","0","False","0","0","0","0","False","0","5","0","False","True","5","5","3","3","1.6666666666666667","3","11","0.45454545454545453","0","9","0","0","1","0","0","0","0","0","0","0","0","no"
"/Users/sbicer/Desktop/akademik/zenphoto/zenphoto-Zenphoto-1.4.4/zp-core/admin-albumsort.php","0","0","0","0","0","0","0","0","0","","0","196","27","160","9","800","74","0","74","15","15","17","1","15","15","5","0.06","0","0","0","0","False","0","0","0","0","True","9","33","0","False","True","40","13","46","13","0.8695652173913043","9","256","0.15625","0","65","1","1","4","0","2","2","0","0","0","0","0","yes"
"/Users/sbicer/Desktop/akademik/zenphoto/zenphoto-Zenphoto-1.4.4/zp-core/admin-comments.php","0","0","0","0","0","0","0","0","0","","0","509","45","455","16","7892496","278","0","278","47","41","52","7","47","41","6","0.04","0","0","0","0","False","0","0","0","0","True","32","111","6","True","True","128","22","155","23","0.8258064516129032","7","427","0.2997658079625293","2","172","2","9","9","0","1","1","0","0","0","12","20","yes"
"/Users/sbicer/Desktop/akademik/zenphoto/zenphoto-Zenphoto-1.4.4/zp-core/admin-dynamic-album.php","4","4","4","1","13","0","13","0","0","","1","226","17","202","9","1339392","139","2","137","27","27","28","1","27","27","3","0.04","4","4","4","1","False","0","0","0","0","True","12","20","0","False","True","30","8","32","10","0.9375","6","121","0.24793388429752067","0","44","1","7","0","0","0","0","0","0","0","1","2","no"
"/Users/sbicer/Desktop/akademik/zenphoto/zenphoto-Zenphoto-1.4.4/zp-core/admin-edit.php","0","0","0","0","0","0","0","0","0","","0","1721","87","1591","56","999999999","962","0","962","198","188","227","1","198","188","14","0.04","0","0","0","0","False","0","0","0","0","True","100","397","1","True","True","356","23","506","26","0.7035573122529645","15","3154","0.1128725428027901","9","537","5","36","20","0","7","7","2","0","0","39","63","yes"
"/Users/sbicer/Desktop/akademik/zenphoto/zenphoto-Zenphoto-1.4.4/zp-core/admin-filemanager.php","0","0","0","0","0","0","0","0","0","","0","45","7","33","5","2","17","0","17","2","2","2","1","2","2","1","0.15","0","0","0","0","False","0","0","0","0","False","0","11","0","False","True","8","5","9","7","0.8888888888888888","6","29","0.27586206896551724","0","17","0","0","0","1","0","0","0","0","0","1","1","no"
"/Users/sbicer/Desktop/akademik/zenphoto/zenphoto-Zenphoto-1.4.4/zp-core/admin-functions.php","9","8","10","2","51","0","50","0","0","","79","4597","137","3984","505","1","2397","103","2294","1","1","1","1","70","70","6","0.13","725","662","808","171","False","0","0","0","1","True","118","709","5","True","True","441","31","701","34","0.6291012838801712","11","2542","0.17348544453186468","4","700","1","48","36","0","20","20","8","4","0","46","88","yes"
"/Users/sbicer/Desktop/akademik/zenphoto/zenphoto-Zenphoto-1.4.4/zp-core/admin-logs.php","0","0","0","0","0","0","0","0","0","","0","229","8","216","10","3341","107","0","107","24","22","25","1","24","22","6","0.05","0","0","0","0","False","0","0","0","0","True","7","50","0","False","True","35","18","35","13","1.0","9","215","0.16279069767441862","1","61","1","1","3","0","0","0","0","0","0","0","0","yes"
"/Users/sbicer/Desktop/akademik/zenphoto/zenphoto-Zenphoto-1.4.4/zp-core/admin-options.php","0","0","0","0","0","0","0","0","0","","0","3161","57","3074","41","999999999","1517","0","1517","244","243","279","8","244","243","7","0.01","0","0","0","0","True","2","0","0","0","True","183","825","6","True","True","1013","25","1189","31","0.8519764507989908","21","13658","0.07416898521013325","15","1622","9","141","14","0","16","14","3","1","0","58","83","yes"
"/Users/sbicer/Desktop/akademik/zenphoto/zenphoto-Zenphoto-1.4.4/zp-core/admin-plugins.php","0","0","0","0","0","0","0","0","0","","0","386","19","360","11","937558232","215","0","215","51","51","54","1","51","51","7","0.03","0","0","0","0","False","0","0","0","0","True","15","75","0","False","True","70","19","107","15","0.6542056074766355","10","410","0.17073170731707318","0","82","1","6","5","0","1","1","0","0","0","2","2","yes"
"/Users/sbicer/Desktop/akademik/zenphoto/zenphoto-Zenphoto-1.4.4/zp-core/admin-refresh-metadata.php","0","0","0","0","0","0","0","0","0","","0","199","16","177","6","811008","125","0","125","34","34","38","1","34","34","6","0.03","0","0","0","0","False","0","0","0","0","True","16","21","1","True","True","14","6","11","7","1.2727272727272727","4","40","0.35","0","22","0","0","3","0","0","0","0","0","0","2","6","yes"
"/Users/sbicer/Desktop/akademik/zenphoto/zenphoto-Zenphoto-1.4.4/zp-core/admin-tags.php","0","0","0","0","0","0","0","0","0","","0","264","16","244","11","16832","105","0","105","22","22","24","1","22","22","5","0.05","0","0","0","0","False","0","0","0","0","True","11","45","4","True","True","66","18","79","14","0.8354430379746836","11","400","0.165","0","111","3","3","2","0","1","1","0","0","0","0","0","yes"
"/Users/sbicer/Desktop/akademik/zenphoto/zenphoto-Zenphoto-1.4.4/zp-core/admin-themes-editor.php","0","0","0","0","0","0","0","0","0","","0","170","30","128","16","25344","88","0","88","19","17","21","1","19","17","3","0.12","0","0","0","0","False","0","0","0","0","True","8","21","1","True","True","23","12","31","14","0.7419354838709677","7","96","0.23958333333333334","1","34","1","1","1","0","0","0","0","0","0","0","0","yes"
"/Users/sbicer/Desktop/akademik/zenphoto/zenphoto-Zenphoto-1.4.4/zp-core/admin-themes.php","0","0","0","0","0","0","0","0","0","","0","338","25","304","13","9967680","189","0","189","37","36","40","6","37","36","5","0.04","0","0","0","0","False","0","0","0","0","True","17","65","0","False","True","48","13","49","11","0.9795918367346939","8","217","0.22119815668202766","0","76","0","0","7","0","2","2","1","0","0","2","5","yes"
"/Users/sbicer/Desktop/akademik/zenphoto/zenphoto-Zenphoto-1.4.4/zp-core/admin-thumbcrop.php","0","0","0","0","0","0","0","0","0","","0","317","28","286","4","13104","186","0","186","20","18","22","1","20","18","3","0.01","0","0","0","0","False","0","0","0","0","True","12","66","1","True","True","47","12","107","15","0.4392523364485981","8","244","0.19262295081967212","6","72","1","14","0","0","3","3","1","1","0","8","31","yes"
"/Users/sbicer/Desktop/akademik/zenphoto/zenphoto-Zenphoto-1.4.4/zp-core/admin-upload.php","0","0","0","0","0","0","0","0","0","","0","355","22","325","9","35390976","143","0","143","31","31","35","1","31","31","3","0.03","0","0","0","0","False","0","0","0","0","True","16","65","0","False","True","44","12","63","18","0.6984126984126984","8","244","0.18032786885245902","5","77","1","5","0","0","4","4","1","0","0","5","16","yes"
"/Users/sbicer/Desktop/akademik/zenphoto/zenphoto-Zenphoto-1.4.4/zp-core/admin-users.php","1","1","1","1","5","0","4","1","0","","1","915","32","875","9","999999999","531","3","528","134","130","154","11","134","130","10","0.01","1","1","1","1","False","0","0","0","0","True","54","185","0","False","True","130","25","181","22","0.7182320441988951","16","1209","0.10752688172043011","10","197","1","19","8","0","4","4","2","1","0","10","20","yes"
"/Users/sbicer/Desktop/akademik/zenphoto/zenphoto-Zenphoto-1.4.4/zp-core/admin.php","0","0","0","0","0","0","0","0","0","","0","594","28","540","28","999999999","258","0","258","71","68","76","1","71","68","6","0.05","0","0","0","0","False","0","0","0","0","True","14","84","0","False","True","67","15","38","11","1.763157894736842","11","411","0.1630170316301703","11","123","1","0","3","0","2","2","1","0","0","4","4","yes"
"/Users/sbicer/Desktop/akademik/zenphoto/zenphoto-Zenphoto-1.4.4/zp-core/class-rss.php","8","6","8","2","41","0","40","1","1","","19","1078","38","794","266","1","549","46","503","1","1","1","1","32","26","5","0.34","152","123","170","48","False","0","0","0","1","True","35","19","2","True","True","18","14","6","6","3.0","4","57","0.3157894736842105","0","33","0","0","0","0","0","0","0","0","0","0","0","yes"
"/Users/sbicer/Desktop/akademik/zenphoto/zenphoto-Zenphoto-1.4.4/zp-core/full-image.php","0","0","0","0","0","0","0","0","0","","0","240","15","208","28","620605440","161","0","161","41","37","55","12","41","37","5","0.13","0","0","0","0","False","0","0","0","2","True","12","1","0","False","True","0","0","0","0","0","0","0","0","0","1","0","0","0","0","0","0","0","0","0","0","0","yes"
"/Users/sbicer/Desktop/akademik/zenphoto/zenphoto-Zenphoto-1.4.4/zp-core/functions-image.php","19","18","25","3","72","1","69","6","0","","6","511","19","417","102","1","337","9","328","1","1","1","1","92","92","6","0.24","116","110","154","20","False","0","0","0","0","True","1","21","1","True","True","21","3","0","0","0","3","51","0.4117647058823529","0","33","0","0","0","0","0","0","0","0","0","0","0","yes"
"/Users/sbicer/Desktop/akademik/zenphoto/zenphoto-Zenphoto-1.4.4/zp-core/functions.php","4","4","5","2","20","0","19","0","1","","86","2388","110","1716","587","4","1165","120","1045","3","3","3","1","31","31","8","0.34","427","420","467","196","True","6","2","5","3","True","18","17","18","True","True","12","9","20","10","0.6","3","22","0.5454545454545454","0","23","0","1","2","0","1","1","0","0","0","0","0","yes"
"/Users/sbicer/Desktop/akademik/zenphoto/zenphoto-Zenphoto-1.4.4/zp-core/lib-auth.php","3","3","3","1","21","0","20","0","2","","61","1663","78","1287","319","1","716","86","630","1","1","1","1","32","30","7","0.25","224","214","241","73","True","3","0","2","0","True","13","125","7","True","True","92","13","159","18","0.5786163522012578","7","374","0.24598930481283424","0","129","3","20","2","0","3","3","0","0","0","0","0","yes"
"/Users/sbicer/Desktop/akademik/zenphoto/zenphoto-Zenphoto-1.4.4/zp-core/license.php","0","0","0","0","0","0","0","0","0","","0","69","8","56","6","12","26","0","26","5","5","6","1","5","5","2","0.11","0","0","0","0","True","3","2","0","0","True","1","12","0","False","True","13","7","15","9","0.8666666666666667","7","56","0.23214285714285715","0","25","0","0","1","1","0","0","0","0","0","1","1","no"
"/Users/sbicer/Desktop/akademik/zenphoto/zenphoto-Zenphoto-1.4.4/zp-core/no_uploader.php","1","1","1","1","4","0","4","0","0","","3","16","2","14","0","1","5","3","2","1","1","1","1","1","1","0","0.00","3","3","3","3","False","0","0","0","0","False","0","2","0","False","True","1","1","1","1","1.0","1","1","1.0","0","3","0","0","0","0","0","0","0","0","0","0","0","yes"
"/Users/sbicer/Desktop/akademik/zenphoto/zenphoto-Zenphoto-1.4.4/zp-core/password.php","0","0","0","0","0","0","0","0","0","","0","18","1","17","0","2","7","0","7","2","2","2","1","2","2","1","0.00","0","0","0","0","False","0","0","0","0","False","0","6","0","False","True","7","7","7","7","1.0","3","17","0.4117647058823529","0","14","0","0","0","0","0","0","0","1","0","0","0","yes"
"/Users/sbicer/Desktop/akademik/zenphoto/zenphoto-Zenphoto-1.4.4/zp-core/pluginDoc.php","18","17","18","1","114","1","113","0","0","","1","460","15","416","30","40642565","181","2","179","34","34","37","1","34","34","7","0.07","18","17","18","1","False","0","0","0","0","True","2","44","0","False","True","39","21","32","12","1.21875","12","270","0.14444444444444443","0","65","1","0","0","0","0","0","0","1","1","0","0","yes"
"/Users/sbicer/Desktop/akademik/zenphoto/zenphoto-Zenphoto-1.4.4/zp-core/reconfigure.php","4","3","5","1","33","0","33","0","0","","6","240","8","201","31","1","88","7","81","1","1","1","1","11","8","3","0.15","26","23","30","6","False","0","0","0","1","False","0","16","0","False","True","18","11","13","8","1.3846153846153846","5","48","0.375","0","36","0","0","0","0","0","0","0","1","1","0","0","yes"
"/Users/sbicer/Desktop/akademik/zenphoto/zenphoto-Zenphoto-1.4.4/zp-core/setup.php","0","0","0","0","0","0","0","0","0","","0","45","0","45","0","3","15","0","15","3","3","3","1","3","3","2","0.00","0","0","0","0","False","0","0","0","0","False","0","8","0","False","True","12","9","10","8","1.2","9","53","0.22641509433962265","0","24","0","0","0","0","0","0","0","1","0","0","0","yes"
"/Users/sbicer/Desktop/akademik/zenphoto/zenphoto-Zenphoto-1.4.4/zp-core/setup/index.php","0","0","0","0","0","0","0","0","0","","0","2660","141","2425","121","999999999","1426","1","1425","373","359","449","31","373","359","9","0.05","0","0","0","0","False","0","0","2","0","True","45","98","4","True","True","80","21","97","18","0.8247422680412371","9","507","0.15779092702169625","2","129","2","5","2","0","6","6","2","2","0","3","6","yes"
"/Users/sbicer/Desktop/akademik/zenphoto/zenphoto-Zenphoto-1.4.4/zp-core/setup/setup-functions.php","4","4","4","1","20","0","20","0","0","","24","615","31","512","73","8","340","36","304","4","4","4","1","19","18","5","0.14","105","100","113","43","False","0","0","0","0","True","4","52","0","False","True","26","10","23","8","1.1304347826086956","5","69","0.37681159420289856","0","50","0","0","3","0","2","2","0","0","0","2","2","yes"
"/Users/sbicer/Desktop/akademik/zenphoto/zenphoto-Zenphoto-1.4.4/zp-core/setup/setup-option-defaults.php","0","0","0","0","0","0","0","0","0","","0","632","54","531","54","999999999","386","0","386","88","87","94","1","88","87","4","0.10","0","0","0","0","False","0","0","0","1","True","5","12","3","True","True","3","1","3","1","1.0","1","3","1.0","0","7","0","0","0","0","3","3","0","0","0","0","0","yes"
"/Users/sbicer/Desktop/akademik/zenphoto/zenphoto-Zenphoto-1.4.4/zp-core/setup/setup-sqlform.php","0","0","0","0","0","0","0","0","0","","0","107","0","107","0","140","38","0","38","11","11","11","1","11","11","4","0.00","0","0","0","0","False","0","0","0","0","False","0","31","0","False","True","39","12","44","9","0.8863636363636364","8","209","0.18660287081339713","0","52","1","9","0","0","1","1","0","0","0","0","0","no"
"/Users/sbicer/Desktop/akademik/zenphoto/zenphoto-Zenphoto-1.4.4/zp-core/template-functions.php","4","4","4","1","17","0","17","0","0","","181","4764","233","3178","1388","2","2238","304","1934","2","2","2","1","41","37","6","0.44","811","784","897","352","False","0","0","0","2","True","2","159","3","True","True","74","14","72","15","1.0277777777777777","6","220","0.33636363636363636","2","136","1","5","10","0","6","6","3","0","0","2","4","yes"
"/Users/sbicer/Desktop/akademik/zenphoto/zenphoto-Zenphoto-1.4.4/zp-core/utilities/backup_restore.php","3","2","3","1","12","0","12","0","0","","6","578","27","542","10","999999999","316","13","303","77","77","86","18","77","77","11","0.02","19","16","21","11","False","0","0","0","0","True","11","31","1","True","True","30","11","35","10","0.8571428571428571","8","167","0.17964071856287425","2","46","2","2","0","0","0","0","0","0","0","0","0","yes"
"/Users/sbicer/Desktop/akademik/zenphoto/zenphoto-Zenphoto-1.4.4/zp-core/utilities/database_reference.php","0","0","0","0","0","0","0","0","0","","0","209","12","188","9","9396","73","0","73","18","18","21","1","18","18","4","0.05","0","0","0","0","False","0","0","0","0","True","4","38","0","False","True","29","18","13","7","2.230769230769231","6","117","0.24786324786324787","2","50","0","0","1","0","1","1","0","1","1","1","2","no"
"/Users/sbicer/Desktop/akademik/zenphoto/zenphoto-Zenphoto-1.4.4/zp-core/utilities/gallery_statistics.php","39","27","41","3","197","1","195","3","0","","2","849","50","777","29","317600","476","3","473","45","28","45","1","74","50","6","0.04","78","54","83","7","False","0","0","0","0","True","19","103","14","True","True","144","19","90","12","1.6","11","1183","0.12172442941673711","6","199","1","5","24","0","0","0","0","1","0","2","2","yes"
"/Users/sbicer/Desktop/akademik/zenphoto/zenphoto-Zenphoto-1.4.4/zp-core/utilities/phpInfo.php","0","0","0","0","0","0","0","0","0","","0","49","5","39","5","1","13","0","13","1","1","1","1","1","1","0","0.13","0","0","0","0","False","0","0","0","0","False","0","8","0","False","True","7","4","3","2","2.3333333333333335","4","18","0.3888888888888889","2","14","0","0","0","0","0","0","0","0","0","0","0","no"
"/Users/sbicer/Desktop/akademik/zenphoto/zenphoto-Zenphoto-1.4.4/zp-core/utilities/reset_albumthumbs.php","0","0","0","0","0","0","0","0","0","","0","113","15","93","5","18","38","0","38","6","6","8","1","6","6","2","0.05","0","0","0","0","False","0","0","0","0","True","4","19","0","False","True","18","9","20","9","0.9","8","92","0.1956521739130435","2","33","1","0","0","0","0","0","0","0","0","0","0","no"
"/Users/sbicer/Desktop/akademik/zenphoto/zenphoto-Zenphoto-1.4.4/zp-core/zp-extensions/GoogleMap.php","5","5","5","1","31","0","30","0","1","","11","440","24","352","67","3","219","14","205","3","3","4","1","30","28","5","0.19","58","56","61","21","True","0","1","0","0","False","0","28","0","False","True","9","4","16","5","0.5625","1","9","1.0","0","19","0","0","3","0","3","3","0","0","1","0","0","yes"
"/Users/sbicer/Desktop/akademik/zenphoto/zenphoto-Zenphoto-1.4.4/zp-core/zp-extensions/GoogleMap/m.php","0","0","0","0","0","0","0","0","0","","0","127","2","119","6","288","56","0","56","13","13","13","1","13","13","3","0.05","0","0","0","0","True","1","0","0","0","True","2","16","0","False","True","15","10","4","3","3.75","6","59","0.2542372881355932","0","30","0","0","0","0","1","1","0","0","1","0","0","no"
"/Users/sbicer/Desktop/akademik/zenphoto/zenphoto-Zenphoto-1.4.4/zp-core/zp-extensions/PHPMailer.php","3","3","3","1","23","0","23","0","1","","4","145","11","106","29","2","70","5","65","3","3","4","1","10","9","2","0.27","15","14","15","4","False","0","0","0","0","False","0","3","0","False","True","1","1","5","5","0.2","1","1","1.0","0","2","0","1","0","0","0","0","0","0","0","1","1","yes"
"/Users/sbicer/Desktop/akademik/zenphoto/zenphoto-Zenphoto-1.4.4/zp-core/zp-extensions/cacheManager.php","4","3","4","1","27","0","27","0","1","","9","353","17","255","81","1","135","12","123","1","1","1","1","12","12","3","0.32","36","34","42","9","False","0","0","0","0","True","1","27","3","True","True","17","4","31","5","0.5483870967741935","4","49","0.3469387755102041","0","20","0","7","0","0","0","0","0","0","0","0","0","no"
"/Users/sbicer/Desktop/akademik/zenphoto/zenphoto-Zenphoto-1.4.4/zp-core/zp-extensions/cacheManager/cacheImages.php","24","24","24","1","75","1","74","0","0","","1","357","14","336","7","7495680","211","2","209","42","42","47","1","42","42","7","0.02","24","24","24","1","False","0","0","0","0","True","7","46","1","True","True","27","15","41","14","0.6585365853658537","7","85","0.3176470588235294","0","49","1","3","3","0","1","1","0","0","0","1","1","yes"
"/Users/sbicer/Desktop/akademik/zenphoto/zenphoto-Zenphoto-1.4.4/zp-core/zp-extensions/check_for_update.php","4","4","5","2","21","0","21","0","0","","2","96","5","69","23","7","47","2","45","8","8","9","1","8","8","6","0.33","8","8","10","4","False","0","0","0","0","False","0","2","0","False","True","2","2","1","1","2.0","2","3","0.6666666666666666","0","5","0","0","0","0","0","0","0","0","0","0","0","no"
"/Users/sbicer/Desktop/akademik/zenphoto/zenphoto-Zenphoto-1.4.4/zp-core/zp-extensions/class-AnyFile.php","2","2","2","1","12","0","11","0","2","","7","161","16","96","49","2","61","10","51","2","2","2","1","5","5","3","0.51","20","20","20","7","False","0","0","0","0","True","3","2","0","False","True","1","1","1","1","1.0","1","1","1.0","0","3","0","0","0","0","0","0","0","0","0","0","0","yes"
"/Users/sbicer/Desktop/akademik/zenphoto/zenphoto-Zenphoto-1.4.4/zp-core/zp-extensions/cloneZenphoto/cloneTab.php","0","0","0","0","0","0","0","0","0","","0","173","11","156","7","13824","64","0","64","18","18","19","1","18","18","5","0.04","0","0","0","0","False","0","0","0","0","True","2","33","0","False","True","31","13","53","13","0.5849056603773585","7","134","0.23134328358208955","2","51","2","3","2","0","2","2","1","0","0","0","0","no"
"/Users/sbicer/Desktop/akademik/zenphoto/zenphoto-Zenphoto-1.4.4/zp-core/zp-extensions/colorbox_js.php","3","3","3","1","17","0","17","0","1","","4","117","9","85","23","3","54","8","46","3","3","3","1","6","6","3","0.27","13","13","14","4","False","0","0","0","2","False","0","4","0","False","True","2","2","5","4","0.4","1","2","1.0","0","3","0","0","0","0","1","1","1","1","0","0","0","no"
"/Users/sbicer/Desktop/akademik/zenphoto/zenphoto-Zenphoto-1.4.4/zp-core/zp-extensions/colorbox_js/colorbox_ie.css.php","0","0","0","0","0","0","0","0","0","","0","22","0","12","10","1","8","0","8","1","1","1","1","1","1","0","0.83","0","0","0","0","False","0","0","0","0","False","0","9","0","False","True","1","1","0","0","0","1","1","1.0","0","1","0","0","0","0","0","0","0","0","1","0","0","no"
"/Users/sbicer/Desktop/akademik/zenphoto/zenphoto-Zenphoto-1.4.4/zp-core/zp-extensions/comment_form/comment_form.php","0","0","0","0","0","0","0","0","0","","0","284","0","284","0","1647750","87","0","87","27","27","30","1","27","27","3","0.00","0","0","0","0","False","0","0","0","0","False","0","76","0","False","True","70","9","126","12","0.5555555555555556","6","292","0.23972602739726026","0","113","1","22","0","0","0","0","0","0","0","10","27","yes"
"/Users/sbicer/Desktop/akademik/zenphoto/zenphoto-Zenphoto-1.4.4/zp-core/zp-extensions/comment_form/functions.php","9","8","11","1","49","0","48","1","0","","18","1025","33","879","122","2","524","26","498","2","2","2","1","41","36","7","0.14","168","158","212","29","False","0","0","0","0","True","30","38","6","True","True","25","9","22","5","1.1363636363636365","5","55","0.45454545454545453","13","48","0","0","0","0","3","3","1","0","0","0","0","yes"
"/Users/sbicer/Desktop/akademik/zenphoto/zenphoto-Zenphoto-1.4.4/zp-core/zp-extensions/contact_form.php","8","8","11","1","48","0","46","1","1","","7","408","18","334","59","1","215","12","203","1","1","1","1","47","46","6","0.18","61","60","77","10","False","0","0","0","0","True","15","15","0","False","True","16","6","40","9","0.4","3","37","0.43243243243243246","0","25","2","8","0","0","0","0","0","0","0","1","1","yes"
"/Users/sbicer/Desktop/akademik/zenphoto/zenphoto-Zenphoto-1.4.4/zp-core/zp-extensions/contact_form/form.php","0","0","0","0","0","0","0","0","0","","0","134","1","128","5","57395628","81","0","81","33","33","34","1","33","33","2","0.04","0","0","0","0","False","0","0","0","0","False","0","76","0","False","True","67","6","84","11","0.7976190476190477","5","261","0.2567049808429119","0","100","1","16","0","0","0","0","0","0","0","2","3","yes"
"/Users/sbicer/Desktop/akademik/zenphoto/zenphoto-Zenphoto-1.4.4/zp-core/zp-extensions/crop_image.php","2","2","2","1","14","0","14","0","1","","2","373","39","319","17","21841","183","3","180","21","19","21","1","21","19","3","0.05","5","5","5","2","False","0","0","0","0","True","16","60","1","True","True","48","15","107","16","0.4485981308411215","8","244","0.19672131147540983","5","72","1","12","1","0","2","2","1","2","0","6","13","yes"
"/Users/sbicer/Desktop/akademik/zenphoto/zenphoto-Zenphoto-1.4.4/zp-core/zp-extensions/deprecated_functions/check_for_deprecated.php","0","0","0","0","0","0","0","0","0","","0","111","4","102","5","264","58","0","58","11","10","12","1","11","10","3","0.05","0","0","0","0","False","0","0","0","0","True","3","22","0","False","True","21","12","23","13","0.9130434782608695","8","115","0.1826086956521739","0","33","1","0","0","0","0","0","0","0","0","1","2","no"
"/Users/sbicer/Desktop/akademik/zenphoto/zenphoto-Zenphoto-1.4.4/zp-core/zp-extensions/downloadList.php","3","3","3","1","18","0","18","0","2","","20","612","30","446","138","66","275","26","249","12","12","14","1","12","12","4","0.31","70","70","78","22","False","0","0","0","0","True","5","19","6","True","True","24","9","45","15","0.5333333333333333","4","58","0.41379310344827586","0","32","0","5","3","0","0","0","0","0","0","1","1","yes"
"/Users/sbicer/Desktop/akademik/zenphoto/zenphoto-Zenphoto-1.4.4/zp-core/zp-extensions/downloadList/download_statistics.php","6","6","6","1","60","3","55","5","0","","1","147","11","122","18","40","76","1","75","8","8","8","1","8","8","4","0.15","6","6","6","1","False","0","0","0","0","True","2","27","2","True","True","23","11","21","8","1.0952380952380953","5","67","0.34328358208955223","2","36","0","0","2","0","0","0","0","1","0","1","1","no"
"/Users/sbicer/Desktop/akademik/zenphoto/zenphoto-Zenphoto-1.4.4/zp-core/zp-extensions/dynamic-locale.php","4","4","4","1","28","0","28","0","1","","5","201","12","158","31","3","79","8","71","3","3","4","1","13","12","4","0.20","22","21","22","5","False","0","0","0","1","True","2","25","0","False","True","13","11","20","13","0.65","6","41","0.3170731707317073","0","21","1","1","3","0","0","0","0","1","0","0","0","no"
"/Users/sbicer/Desktop/akademik/zenphoto/zenphoto-Zenphoto-1.4.4/zp-core/zp-extensions/favoritesHandler.php","3","3","4","1","19","0","18","0","2","","13","371","30","285","56","19","182","18","164","11","11","11","1","11","11","6","0.20","44","43","53","23","False","0","0","0","0","True","5","11","2","True","True","7","4","20","9","0.35","3","13","0.5384615384615384","0","11","1","4","1","0","0","0","0","0","0","0","0","yes"
"/Users/sbicer/Desktop/akademik/zenphoto/zenphoto-Zenphoto-1.4.4/zp-core/zp-extensions/federated_logon.php","5","5","5","1","27","0","27","0","1","","10","418","15","291","119","2","189","16","173","3","3","3","1","13","13","5","0.41","54","54","59","10","False","0","0","0","0","True","2","13","0","False","True","6","6","10","7","0.6","5","16","0.375","0","11","0","0","1","0","0","0","0","1","0","0","0","yes"
"/Users/sbicer/Desktop/akademik/zenphoto/zenphoto-Zenphoto-1.4.4/zp-core/zp-extensions/federated_logon/OpenID_logon.php","0","0","0","0","0","0","0","0","0","","0","62","7","48","7","128","29","0","29","8","8","9","1","8","8","1","0.15","0","0","0","0","True","0","3","0","0","True","8","13","0","False","True","13","11","17","10","0.7647058823529411","5","45","0.28888888888888886","0","22","1","3","1","0","0","0","0","1","0","0","0","no"
"/Users/sbicer/Desktop/akademik/zenphoto/zenphoto-Zenphoto-1.4.4/zp-core/zp-extensions/federated_logon/Verisign_logon.php","0","0","0","0","0","0","0","0","0","","0","68","4","55","9","8","23","0","23","4","4","5","1","4","4","1","0.16","0","0","0","0","True","0","3","0","0","True","9","10","0","False","True","16","13","23","13","0.6956521739130435","6","63","0.25396825396825395","0","25","1","3","1","0","1","1","0","1","0","0","0","no"
"/Users/sbicer/Desktop/akademik/zenphoto/zenphoto-Zenphoto-1.4.4/zp-core/zp-extensions/flowplayer3.php","4","4","6","1","48","0","47","0","2","","9","567","25","450","97","8","217","13","204","6","6","7","1","16","15","5","0.22","40","39","54","12","False","0","0","0","0","False","0","17","0","False","True","10","5","16","6","0.625","4","18","0.5555555555555556","3","20","0","0","3","0","3","3","3","1","0","0","0","yes"
"/Users/sbicer/Desktop/akademik/zenphoto/zenphoto-Zenphoto-1.4.4/zp-core/zp-extensions/googleVerify.php","1","1","1","1","3","0","3","0","1","","4","56","8","26","22","2","14","5","9","2","2","2","1","2","2","1","0.85","4","4","4","4","False","0","0","0","0","False","0","2","0","False","True","1","1","2","2","0.5","1","1","1.0","0","2","0","0","0","0","0","0","0","0","0","0","0","no"
"/Users/sbicer/Desktop/akademik/zenphoto/zenphoto-Zenphoto-1.4.4/zp-core/zp-extensions/hitcounter.php","4","4","5","1","31","0","31","0","1","","5","228","14","193","21","5","88","8","80","5","5","5","1","19","16","7","0.11","24","21","29","9","False","0","0","0","1","True","2","10","0","False","True","8","3","19","7","0.42105263157894735","2","10","0.8","0","9","0","4","0","0","2","2","0","0","0","0","0","yes"
"/Users/sbicer/Desktop/akademik/zenphoto/zenphoto-Zenphoto-1.4.4/zp-core/zp-extensions/ipBlocker.php","6","6","6","3","34","0","33","1","1","","8","368","19","284","69","2","185","9","176","2","2","2","1","26","26","9","0.24","50","51","52","29","False","0","0","0","0","True","3","22","0","False","True","9","5","23","7","0.391304347826087","2","10","0.9","0","13","0","4","1","0","1","1","0","0","0","0","0","no"
"/Users/sbicer/Desktop/akademik/zenphoto/zenphoto-Zenphoto-1.4.4/zp-core/zp-extensions/jcarousel_thumb_nav.php","7","7","8","1","51","0","50","0","1","","4","253","16","213","24","2","111","7","104","2","2","3","1","21","21","5","0.11","29","29","33","4","False","0","0","0","0","False","0","13","0","False","True","5","3","10","5","0.5","1","5","1.0","1","9","0","0","0","0","2","2","1","2","0","0","0","no"
"/Users/sbicer/Desktop/akademik/zenphoto/zenphoto-Zenphoto-1.4.4/zp-core/zp-extensions/jplayer.php","4","3","5","2","37","0","35","2","2","","16","769","39","594","150","4","271","27","244","5","5","6","1","18","17","5","0.25","79","61","94","41","False","0","0","0","0","False","0","40","0","False","True","40","6","44","7","0.9090909090909091","7","159","0.25157232704402516","1","66","0","0","1","0","3","3","2","1","0","0","0","yes"
"/Users/sbicer/Desktop/akademik/zenphoto/zenphoto-Zenphoto-1.4.4/zp-core/zp-extensions/menu_manager/menu_manager-admin-functions.php","7","5","7","3","39","0","38","0","0","","20","930","28","781","123","1","526","26","500","1","1","1","1","32","19","5","0.16","142","112","145","78","False","0","0","0","0","True","31","43","6","True","True","28","6","57","13","0.49122807017543857","5","84","0.3333333333333333","0","47","0","1","4","0","0","0","0","0","0","7","14","no"
"/Users/sbicer/Desktop/akademik/zenphoto/zenphoto-Zenphoto-1.4.4/zp-core/zp-extensions/menu_manager/menu_tab.php","0","0","0","0","0","0","0","0","0","","0","247","10","236","3","14400","120","0","120","18","18","18","1","18","18","3","0.01","0","0","0","0","False","0","0","0","0","True","18","54","3","True","True","61","17","73","16","0.8356164383561644","10","306","0.19934640522875818","0","88","1","2","5","0","1","1","0","0","0","2","2","yes"
"/Users/sbicer/Desktop/akademik/zenphoto/zenphoto-Zenphoto-1.4.4/zp-core/zp-extensions/menu_manager/menu_tab_edit.php","0","0","0","0","0","0","0","0","0","","0","369","5","364","0","663552","150","0","150","23","23","29","1","23","23","2","0.00","0","0","0","0","False","0","0","0","0","True","9","111","1","True","True","85","21","119","17","0.7142857142857143","9","461","0.1843817787418655","0","133","1","10","2","0","2","2","0","1","0","11","12","yes"
"/Users/sbicer/Desktop/akademik/zenphoto/zenphoto-Zenphoto-1.4.4/zp-core/zp-extensions/mobileTheme.php","2","2","2","1","11","0","11","0","2","","8","221","18","112","91","8","62","12","50","4","4","4","1","7","7","3","0.81","21","21","21","8","False","0","0","0","0","True","2","3","0","False","True","2","2","3","3","0.6666666666666666","2","3","0.6666666666666666","0","5","0","0","1","0","0","0","0","0","0","0","0","no"
"/Users/sbicer/Desktop/akademik/zenphoto/zenphoto-Zenphoto-1.4.4/zp-core/zp-extensions/print_album_menu.php","5","5","7","1","26","1","24","1","1","","10","415","31","254","138","4","163","17","146","3","3","3","1","22","22","6","0.54","54","54","77","10","False","0","0","0","0","False","0","6","0","False","True","5","5","7","6","0.7142857142857143","4","11","0.45454545454545453","0","11","1","0","0","0","1","1","0","0","0","0","0","no"
"/Users/sbicer/Desktop/akademik/zenphoto/zenphoto-Zenphoto-1.4.4/zp-core/zp-extensions/publishContent/publishContent.php","2","2","2","1","10","0","10","0","0","","1","699","17","682","1","999999999","328","2","326","61","58","62","1","61","58","5","0.00","2","2","2","1","False","0","0","0","0","True","18","166","3","True","True","165","23","252","19","0.6547619047619048","16","1412","0.11685552407932011","2","266","7","17","8","0","6","6","0","1","0","11","19","yes"
"/Users/sbicer/Desktop/akademik/zenphoto/zenphoto-Zenphoto-1.4.4/zp-core/zp-extensions/rating.php","3","3","4","2","22","0","21","0","1","","12","416","26","306","87","32","185","17","168","8","8","9","1","19","17","4","0.28","43","38","50","24","False","0","0","0","0","True","4","47","0","False","True","12","6","25","13","0.48","3","17","0.7058823529411765","0","17","1","2","0","0","4","4","2","1","0","1","2","no"
"/Users/sbicer/Desktop/akademik/zenphoto/zenphoto-Zenphoto-1.4.4/zp-core/zp-extensions/register_user.php","14","11","15","4","87","1","86","2","1","","5","494","17","442","43","2","244","10","234","2","2","2","1","52","39","7","0.10","70","57","77","22","False","0","0","0","0","True","23","43","0","False","True","50","9","31","6","1.6129032258064515","5","104","0.4807692307692308","0","98","0","3","0","0","0","0","0","0","0","7","13","yes"
"/Users/sbicer/Desktop/akademik/zenphoto/zenphoto-Zenphoto-1.4.4/zp-core/zp-extensions/register_user/register_user_form.php","0","0","0","0","0","0","0","0","0","","0","83","2","75","6","540","47","0","47","13","13","13","1","13","13","4","0.08","0","0","0","0","False","0","0","0","0","False","0","29","0","False","True","23","5","32","9","0.71875","4","77","0.2987012987012987","0","34","1","6","0","0","0","0","0","0","0","2","2","no"
"/Users/sbicer/Desktop/akademik/zenphoto/zenphoto-Zenphoto-1.4.4/zp-core/zp-extensions/related_items.php","16","10","18","3","81","0","79","2","0","","3","274","6","243","31","1","157","6","151","1","1","1","1","20","14","4","0.13","49","30","54","11","False","0","0","0","0","False","0","22","0","False","True","9","8","11","6","0.8181818181818182","4","26","0.34615384615384615","0","17","0","0","2","0","0","0","0","0","0","0","0","yes"
"/Users/sbicer/Desktop/akademik/zenphoto/zenphoto-Zenphoto-1.4.4/zp-core/zp-extensions/search_statistics/search_analysis.php","0","0","0","0","0","0","0","0","0","","0","290","8","275","8","713070","133","0","133","32","32","33","1","32","32","7","0.03","0","0","0","0","False","0","0","0","0","True","1","42","1","True","True","53","12","53","8","1.0","8","329","0.16109422492401215","0","94","0","0","2","0","0","0","0","1","0","4","4","no"
"/Users/sbicer/Desktop/akademik/zenphoto/zenphoto-Zenphoto-1.4.4/zp-core/zp-extensions/seo_cleanup.php","7","7","9","1","43","0","43","0","0","","2","219","10","196","13","193","99","3","96","11","11","11","1","13","13","6","0.07","14","14","18","2","False","0","0","0","0","True","4","27","0","False","True","13","6","10","3","1.3","7","46","0.2826086956521739","2","27","0","0","0","0","5","5","0","0","0","0","0","no"
"/Users/sbicer/Desktop/akademik/zenphoto/zenphoto-Zenphoto-1.4.4/zp-core/zp-extensions/site_upgrade.php","3","3","3","1","43","0","42","0","0","","2","152","6","118","28","7","42","2","40","7","6","9","1","7","6","3","0.24","7","6","7","2","False","0","0","0","0","False","0","9","0","False","True","8","3","2","1","4.0","3","15","0.5333333333333333","0","10","0","0","0","0","0","0","0","0","0","2","2","yes"
"/Users/sbicer/Desktop/akademik/zenphoto/zenphoto-Zenphoto-1.4.4/zp-core/zp-extensions/site_upgrade/closed.php","0","0","0","0","0","0","0","0","0","","0","48","0","48","0","1","2","0","2","1","1","1","1","1","1","0","0.00","0","0","0","0","False","0","0","0","0","False","0","1","0","False","True","12","8","8","4","1.5","6","48","0.25","0","22","0","0","0","0","0","0","0","0","1","0","0","no"
"/Users/sbicer/Desktop/akademik/zenphoto/zenphoto-Zenphoto-1.4.4/zp-core/zp-extensions/sitemap-extended/sitemap-extended-admin.php","3","3","3","1","19","0","19","0","0","","1","179","8","163","11","648","90","1","89","12","12","20","1","12","12","2","0.07","3","3","3","1","False","0","0","0","0","True","7","35","0","False","True","42","15","20","10","2.1","9","229","0.18340611353711792","2","61","0","0","3","0","2","2","0","1","0","1","1","no"
"/Users/sbicer/Desktop/akademik/zenphoto/zenphoto-Zenphoto-1.4.4/zp-core/zp-extensions/slideshow.php","13","13","15","2","96","2","91","3","1","","7","775","29","651","102","1","367","10","357","1","1","1","1","55","55","7","0.16","93","91","105","17","False","0","0","0","0","True","16","75","2","True","True","25","7","53","12","0.4716981132075472","5","56","0.44642857142857145","0","35","1","5","7","0","6","6","3","0","0","0","0","yes"
"/Users/sbicer/Desktop/akademik/zenphoto/zenphoto-Zenphoto-1.4.4/zp-core/zp-extensions/tag_suggest.php","4","4","4","1","29","0","28","1","0","","1","45","3","33","9","1","18","1","17","1","1","1","1","4","4","2","0.27","4","4","4","1","False","0","0","0","0","False","0","8","0","False","True","4","2","8","4","0.5","1","4","1.0","0","6","0","0","0","0","3","3","2","1","0","0","0","no"
"/Users/sbicer/Desktop/akademik/zenphoto/zenphoto-Zenphoto-1.4.4/zp-core/zp-extensions/themeSwitcher.php","2","2","2","1","17","0","17","0","1","","7","184","13","142","29","8","75","14","61","4","4","4","1","7","7","4","0.20","19","19","20","7","False","0","0","0","0","True","2","9","0","False","True","5","4","7","6","0.7142857142857143","3","8","0.625","0","11","0","0","0","0","1","1","0","0","1","0","0","yes"
"/Users/sbicer/Desktop/akademik/zenphoto/zenphoto-Zenphoto-1.4.4/zp-core/zp-extensions/tiny_mce/config/comment_form-default.js.php","0","0","0","0","0","0","0","0","0","","0","45","0","40","5","1","4","0","4","1","1","1","1","1","1","0","0.12","0","0","0","0","False","0","0","0","0","False","0","5","0","False","True","2","1","3","2","0.6666666666666666","1","2","1.0","0","4","0","0","0","0","2","2","1","0","0","0","0","yes"
"/Users/sbicer/Desktop/akademik/zenphoto/zenphoto-Zenphoto-1.4.4/zp-core/zp-extensions/tiny_mce/config/zenpage-default-full.js.php","0","0","0","0","0","0","0","0","0","","0","87","2","80","5","1","8","0","8","1","1","1","1","1","1","0","0.06","0","0","0","0","False","0","0","0","0","False","0","9","0","False","True","2","1","3","2","0.6666666666666666","1","2","1.0","0","3","0","0","0","0","2","2","1","0","0","0","0","yes"
"/Users/sbicer/Desktop/akademik/zenphoto/zenphoto-Zenphoto-1.4.4/zp-core/zp-extensions/tiny_mce/config/zenpage-default-light.js.php","0","0","0","0","0","0","0","0","0","","0","86","2","79","5","1","8","0","8","1","1","1","1","1","1","0","0.06","0","0","0","0","False","0","0","0","0","False","0","9","0","False","True","2","1","3","2","0.6666666666666666","1","2","1.0","0","3","0","0","0","0","2","2","1","0","0","0","0","yes"
"/Users/sbicer/Desktop/akademik/zenphoto/zenphoto-Zenphoto-1.4.4/zp-core/zp-extensions/tiny_mce/config/zenphoto-default-with-customdatafield.js.php","0","0","0","0","0","0","0","0","0","","0","44","0","39","5","1","4","0","4","1","1","1","1","1","1","0","0.13","0","0","0","0","False","0","0","0","0","False","0","5","0","False","True","2","1","3","2","0.6666666666666666","1","2","1.0","0","4","0","0","0","0","2","2","1","0","0","0","0","no"
"/Users/sbicer/Desktop/akademik/zenphoto/zenphoto-Zenphoto-1.4.4/zp-core/zp-extensions/tiny_mce/config/zenphoto-default.js.php","0","0","0","0","0","0","0","0","0","","0","44","0","39","5","1","4","0","4","1","1","1","1","1","1","0","0.13","0","0","0","0","False","0","0","0","0","False","0","5","0","False","True","2","1","3","2","0.6666666666666666","1","2","1.0","0","4","0","0","0","0","2","2","1","0","0","0","0","no"
"/Users/sbicer/Desktop/akademik/zenphoto/zenphoto-Zenphoto-1.4.4/zp-core/zp-extensions/tiny_mce/plugins/ajaxfilemanager/_ajax_get_details_listing.php","0","0","0","0","0","0","0","0","0","","0","60","1","57","2","6","54","0","54","9","9","11","1","9","9","2","0.04","0","0","0","0","False","0","0","0","0","False","0","48","0","False","True","32","10","66","14","0.48484848484848486","7","158","0.20253164556962025","0","38","0","2","4","0","0","0","0","0","0","0","0","no"
"/Users/sbicer/Desktop/akademik/zenphoto/zenphoto-Zenphoto-1.4.4/zp-core/zp-extensions/tiny_mce/plugins/ajaxfilemanager/_ajax_get_thumbnail_listing.php","0","0","0","0","0","0","0","0","0","","0","42","4","38","0","14","27","0","27","10","7","12","7","10","7","2","0.00","0","0","0","0","False","0","0","0","0","False","0","19","0","False","True","7","7","18","7","0.3888888888888889","4","21","0.3333333333333333","0","8","0","1","1","0","0","0","0","0","0","0","0","no"
"/Users/sbicer/Desktop/akademik/zenphoto/zenphoto-Zenphoto-1.4.4/zp-core/zp-extensions/tiny_mce/plugins/ajaxfilemanager/_ajax_load_folders.php","0","0","0","0","0","0","0","0","0","","0","20","2","18","0","4","6","0","6","3","3","3","1","3","3","1","0.00","0","0","0","0","False","0","0","0","0","False","0","5","0","False","True","2","2","4","4","0.5","2","3","0.6666666666666666","0","3","0","0","0","0","0","0","0","0","0","0","0","no"
"/Users/sbicer/Desktop/akademik/zenphoto/zenphoto-Zenphoto-1.4.4/zp-core/zp-extensions/tiny_mce/plugins/ajaxfilemanager/ajax_file_paste.php","0","0","0","0","0","0","0","0","0","","0","138","19","109","10","492","64","0","64","24","24","31","1","24","24","7","0.09","0","0","0","0","False","0","0","0","0","False","0","1","0","False","True","0","0","0","0","0","0","0","0","0","16","0","0","0","0","0","0","0","0","0","0","0","no"
"/Users/sbicer/Desktop/akademik/zenphoto/zenphoto-Zenphoto-1.4.4/zp-core/zp-extensions/tiny_mce/plugins/ajaxfilemanager/ajax_image_editor.php","0","0","0","0","0","0","0","0","0","","0","215","18","189","8","12","71","0","71","6","6","10","1","6","6","2","0.04","0","0","0","0","False","0","0","0","0","True","10","55","0","False","True","99","26","188","22","0.526595744680851","9","592","0.16722972972972974","3","159","3","19","1","0","3","3","2","2","0","2","3","no"
"/Users/sbicer/Desktop/akademik/zenphoto/zenphoto-Zenphoto-1.4.4/zp-core/zp-extensions/tiny_mce/plugins/ajaxfilemanager/ajax_login.php","0","0","0","0","0","0","0","0","0","","0","57","0","50","7","3","10","0","10","3","3","3","1","3","3","2","0.14","0","0","0","0","False","0","0","0","0","True","1","6","0","False","True","29","17","30","15","0.9666666666666667","10","198","0.14646464646464646","0","43","1","3","0","0","0","0","0","1","0","0","0","no"
"/Users/sbicer/Desktop/akademik/zenphoto/zenphoto-Zenphoto-1.4.4/zp-core/zp-extensions/tiny_mce/plugins/ajaxfilemanager/ajax_save_as_form.php","0","0","0","0","0","0","0","0","0","","0","57","3","54","0","1","7","0","7","1","1","1","1","1","1","0","0.00","0","0","0","0","False","0","0","0","0","False","0","7","0","False","True","31","18","26","15","1.1923076923076923","8","177","0.1751412429378531","0","56","1","2","1","0","0","0","0","0","0","0","0","no"
"/Users/sbicer/Desktop/akademik/zenphoto/zenphoto-Zenphoto-1.4.4/zp-core/zp-extensions/tiny_mce/plugins/ajaxfilemanager/ajax_text_editor.php","0","0","0","0","0","0","0","0","0","","0","166","10","149","7","64","42","0","42","10","10","14","1","10","10","2","0.05","0","0","0","0","False","0","0","0","0","True","8","28","0","False","True","53","25","78","18","0.6794871794871795","10","299","0.17725752508361203","1","87","2","5","2","0","3","3","2","2","0","4","6","no"
"/Users/sbicer/Desktop/akademik/zenphoto/zenphoto-Zenphoto-1.4.4/zp-core/zp-extensions/tiny_mce/plugins/ajaxfilemanager/ajaxfilemanager.php","0","0","0","0","0","0","0","0","0","","0","737","93","637","7","40960","208","0","208","41","40","42","5","41","40","3","0.01","0","0","0","0","False","0","0","0","0","True","11","199","1","True","True","313","33","379","27","0.8258575197889182","19","3101","0.10093518219929055","3","463","4","14","37","0","13","13","10","4","0","18","21","no"
"/Users/sbicer/Desktop/akademik/zenphoto/zenphoto-Zenphoto-1.4.4/zp-core/zp-extensions/tiny_mce/plugins/tinyzenpage/js/dialog.php","0","0","0","0","0","0","0","0","0","","0","280","15","265","0","4","37","0","37","3","3","3","1","3","3","1","0.00","0","0","0","0","False","0","0","0","0","True","3","31","0","False","True","1","1","2","2","0.5","1","1","1.0","0","1","0","0","0","0","1","2","0","0","0","0","0","yes"
"/Users/sbicer/Desktop/akademik/zenphoto/zenphoto-Zenphoto-1.4.4/zp-core/zp-extensions/tiny_mce/plugins/tinyzenpage/tinyzenpage-functions.php","6","6","7","3","38","0","37","1","0","","15","691","27","561","112","1","372","23","349","1","1","1","1","16","14","6","0.20","100","91","105","46","False","0","0","0","1","True","26","2","0","False","True","4","4","8","7","0.5","2","6","0.6666666666666666","0","8","1","0","0","0","1","1","0","0","0","1","1","no"
"/Users/sbicer/Desktop/akademik/zenphoto/zenphoto-Zenphoto-1.4.4/zp-core/zp-extensions/tiny_mce/plugins/tinyzenpage/tinyzenpage.php","0","0","0","0","0","0","0","0","0","","0","265","19","245","1","20","92","0","92","6","6","6","1","6","6","2","0.00","0","0","0","0","False","0","0","0","0","True","2","88","2","True","True","174","28","216","23","0.8055555555555556","11","1593","0.10922787193973635","3","222","7","27","1","0","4","5","3","1","0","5","6","no"
"/Users/sbicer/Desktop/akademik/zenphoto/zenphoto-Zenphoto-1.4.4/zp-core/zp-extensions/tiny_mce/plugins/tinyzenpage/zoom.php","0","0","0","0","0","0","0","0","0","","0","99","2","96","1","10","51","0","51","10","10","14","1","10","10","5","0.01","0","0","0","0","False","0","0","0","1","True","8","6","0","False","True","10","8","11","6","0.9090909090909091","4","27","0.37037037037037035","1","16","0","0","0","0","3","3","3","0","0","1","3","no"
"/Users/sbicer/Desktop/akademik/zenphoto/zenphoto-Zenphoto-1.4.4/zp-core/zp-extensions/tweet_news.php","4","4","4","1","21","0","21","0","1","","17","521","25","394","106","17","263","20","243","7","7","7","1","19","17","7","0.27","80","75","83","33","False","0","0","0","0","True","1","3","15","True","True","2","2","3","2","0.6666666666666666","2","3","0.6666666666666666","0","5","0","0","0","0","0","0","0","0","0","0","0","yes"
"/Users/sbicer/Desktop/akademik/zenphoto/zenphoto-Zenphoto-1.4.4/zp-core/zp-extensions/uploader_flash/upload_form.php","2","2","2","1","34","0","34","0","0","","3","108","3","105","0","1","41","4","37","1","1","1","1","4","4","1","0.00","6","6","6","3","False","0","0","0","0","False","0","31","0","False","True","19","8","41","11","0.4634146341463415","3","27","0.7037037037037037","0","23","0","4","2","0","6","6","4","1","0","2","3","yes"
"/Users/sbicer/Desktop/akademik/zenphoto/zenphoto-Zenphoto-1.4.4/zp-core/zp-extensions/uploader_http/upload_form.php","1","1","1","1","24","2","22","0","0","","3","78","9","69","0","1","19","4","15","1","1","1","1","1","1","0","0.00","3","3","3","3","False","0","0","0","0","False","0","14","0","False","True","35","10","83","14","0.42168674698795183","4","96","0.3645833333333333","2","38","0","13","1","0","2","2","1","1","0","3","5","no"
"/Users/sbicer/Desktop/akademik/zenphoto/zenphoto-Zenphoto-1.4.4/zp-core/zp-extensions/uploader_jQuery/upload_form.php","1","1","1","1","57","2","54","0","0","","3","175","9","166","0","1","43","4","39","1","1","1","1","3","3","1","0.00","5","5","5","3","False","0","0","0","0","False","0","40","0","False","True","26","9","56","12","0.4642857142857143","7","97","0.26804123711340205","0","39","1","7","0","0","7","9","4","1","0","0","0","no"
"/Users/sbicer/Desktop/akademik/zenphoto/zenphoto-Zenphoto-1.4.4/zp-core/zp-extensions/user-expiry/user-expiry-tab.php","0","0","0","0","0","0","0","0","0","","0","227","7","214","6","788112","131","0","131","34","30","34","1","34","30","7","0.03","0","0","0","0","False","0","0","0","0","True","5","30","0","False","True","39","12","38","11","1.0263157894736843","9","243","0.16049382716049382","0","45","1","0","1","0","0","0","0","0","0","0","0","yes"
"/Users/sbicer/Desktop/akademik/zenphoto/zenphoto-Zenphoto-1.4.4/zp-core/zp-extensions/user_groups/user_groups-tab.php","0","0","0","0","0","0","0","0","0","","0","487","15","462","10","280867200","266","0","266","49","49","53","1","49","49","10","0.02","0","0","0","0","False","0","0","0","0","True","21","114","0","False","True","118","23","154","23","0.7662337662337663","12","927","0.1272923408845739","0","156","2","14","7","0","2","2","1","0","0","12","21","yes"
"/Users/sbicer/Desktop/akademik/zenphoto/zenphoto-Zenphoto-1.4.4/zp-core/zp-extensions/user_login-out.php","5","5","5","1","24","0","24","0","1","","4","189","10","156","24","43008","96","6","90","20","20","21","1","20","20","6","0.15","22","22","23","7","False","0","0","0","0","True","14","16","0","False","True","6","4","11","6","0.5454545454545454","2","7","0.8571428571428571","0","13","0","0","3","0","1","1","0","0","0","1","1","yes"
"/Users/sbicer/Desktop/akademik/zenphoto/zenphoto-Zenphoto-1.4.4/zp-core/zp-extensions/user_mailing_list.php","3","3","4","3","26","0","26","0","0","","1","186","12","165","9","209","89","2","87","14","14","15","1","14","14","5","0.05","3","3","4","3","False","0","0","0","0","True","7","41","0","False","True","19","12","12","8","1.5833333333333333","7","75","0.25333333333333335","0","28","1","0","1","0","0","0","0","0","0","0","0","no"
"/Users/sbicer/Desktop/akademik/zenphoto/zenphoto-Zenphoto-1.4.4/zp-core/zp-extensions/viewer_size_image.php","6","5","6","1","33","0","33","0","1","","6","283","9","217","60","3","126","8","118","3","3","3","1","22","22","5","0.28","36","35","39","6","False","0","0","1","0","True","2","25","1","True","True","6","6","15","10","0.4","3","11","0.5454545454545454","0","12","0","1","0","0","1","1","0","0","0","0","0","no"
"/Users/sbicer/Desktop/akademik/zenphoto/zenphoto-Zenphoto-1.4.4/zp-core/zp-extensions/wordpress_import.php","1","1","1","1","8","0","8","0","0","","4","499","29","428","50","999999999","241","4","237","57","57","77","1","57","57","10","0.12","6","6","6","4","False","0","0","0","0","True","28","53","11","True","True","62","18","59","15","1.0508474576271187","7","290","0.21379310344827587","2","89","1","6","1","0","0","0","0","0","1","2","2","yes"
"/Users/sbicer/Desktop/akademik/zenphoto/zenphoto-Zenphoto-1.4.4/zp-core/zp-extensions/zenpage.php","3","3","4","2","27","0","26","0","1","","11","396","21","317","61","1","150","18","132","1","1","1","1","8","8","4","0.19","42","38","47","28","False","0","0","0","0","True","2","16","0","False","True","8","6","12","7","0.6666666666666666","3","13","0.6153846153846154","0","14","0","1","2","0","1","1","0","0","0","0","0","yes"
"/Users/sbicer/Desktop/akademik/zenphoto/zenphoto-Zenphoto-1.4.4/zp-core/zp-extensions/zenpage/admin-categories.php","0","0","0","0","0","0","0","0","0","","0","209","4","198","7","61440","86","0","86","19","19","19","1","19","19","3","0.04","0","0","0","0","False","0","0","0","0","True","15","34","0","False","True","43","16","57","15","0.7543859649122807","9","213","0.20187793427230047","2","58","1","3","1","0","2","2","0","0","0","2","2","no"
"/Users/sbicer/Desktop/akademik/zenphoto/zenphoto-Zenphoto-1.4.4/zp-core/zp-extensions/zenpage/admin-edit.php","0","0","0","0","0","0","0","0","0","","0","821","16","798","10","999999999","383","0","383","108","108","115","1","108","108","6","0.01","0","0","0","0","False","0","0","0","0","True","39","220","1","True","True","191","23","259","21","0.7374517374517374","14","1868","0.10224839400428265","0","290","2","23","12","0","3","3","0","0","0","8","12","yes"
"/Users/sbicer/Desktop/akademik/zenphoto/zenphoto-Zenphoto-1.4.4/zp-core/zp-extensions/zenpage/admin-news-articles.php","0","0","0","0","0","0","0","0","0","","0","405","15","379","12","999999999","202","0","202","44","41","44","1","44","41","3","0.03","0","0","0","0","False","0","0","0","0","True","31","72","0","False","True","71","18","101","16","0.7029702970297029","9","445","0.15955056179775282","3","117","1","2","6","0","1","1","0","0","0","5","7","yes"
"/Users/sbicer/Desktop/akademik/zenphoto/zenphoto-Zenphoto-1.4.4/zp-core/zp-extensions/zenpage/admin-pages.php","0","0","0","0","0","0","0","0","0","","0","189","7","173","9","61440","86","0","86","19","19","19","1","19","19","3","0.05","0","0","0","0","False","0","0","0","0","True","16","28","0","False","True","32","15","41","15","0.7804878048780488","7","92","0.34782608695652173","0","55","1","2","1","0","1","1","0","0","0","1","1","no"
"/Users/sbicer/Desktop/akademik/zenphoto/zenphoto-Zenphoto-1.4.4/zp-core/zp-extensions/zenpage/zenpage-admin-functions.php","5","5","6","1","32","0","32","0","0","","46","1821","93","1476","277","1","997","57","940","1","1","1","1","28","18","7","0.19","272","239","277","76","False","0","0","0","0","True","62","135","10","True","True","100","11","193","16","0.5181347150259067","5","281","0.35587188612099646","1","147","5","2","15","0","6","6","0","1","0","7","17","no"
"/Users/sbicer/Desktop/akademik/zenphoto/zenphoto-Zenphoto-1.4.4/zp-core/zp-extensions/zenpage/zenpage-template-functions.php","4","3","4","2","16","0","16","0","0","","120","3161","202","1997","987","1","1342","189","1153","1","1","1","1","49","45","7","0.49","504","440","562","262","False","0","0","0","1","False","0","4","7","True","True","2","1","2","1","1.0","1","2","1.0","0","5","0","0","0","0","0","0","0","0","0","2","6","yes"
"/Users/sbicer/Desktop/akademik/zenphoto/zenphoto-Zenphoto-1.4.4/zp-core/zp-extensions/zenphotoDonate.php","1","1","1","1","22","0","22","0","1","","1","41","5","30","6","1","8","2","6","1","1","1","1","1","1","0","0.20","1","1","1","1","False","0","0","0","0","False","0","3","0","False","True","16","7","37","13","0.43243243243243246","13","106","0.1509433962264151","0","22","1","8","0","0","0","0","0","0","0","1","2","no"
"/Users/sbicer/Desktop/akademik/zenphoto/zenphoto-Zenphoto-1.4.4/zp-core/zp-extensions/zenphoto_news.php","4","4","4","1","30","0","30","0","1","","3","116","7","101","8","1","43","4","39","2","2","2","1","11","11","5","0.08","13","13","13","3","False","0","0","0","0","False","0","18","0","False","True","13","8","3","2","4.333333333333333","4","25","0.52","0","23","0","0","1","0","0","0","0","0","0","0","0","no"
"/Users/sbicer/Desktop/akademik/zenphoto/zenphoto-Zenphoto-1.4.4/zp-core/zp-extensions/zpCaptcha.php","1","1","2","1","16","0","16","0","1","","6","161","14","111","38","2","61","9","52","3","3","4","1","3","3","2","0.34","11","11","13","8","False","0","0","0","1","False","0","2","0","False","True","2","2","2","2","1.0","1","2","1.0","0","5","0","0","0","0","1","1","0","0","0","0","0","no"
"/Users/sbicer/Desktop/akademik/zenphoto/zenphoto-Zenphoto-1.4.4/zp-core/zp-extensions/zpCaptcha/c.php","0","0","0","0","0","0","0","0","0","","0","68","11","52","6","12","40","0","40","5","5","5","1","5","5","2","0.12","0","0","0","0","False","0","0","0","0","True","3","1","0","False","True","0","0","0","0","0","0","0","0","0","1","0","0","0","0","0","0","0","0","0","0","0","no"
